,index,RA,e_RA_ICRS,DEC,e_DE_ICRS,MainID,Plx,e_Plx,pmRA,e_pmRA,pmDE,e_pmDE,Dup,FG,e_FG,Gmag,e_Gmag,FBP,e_FBP,BPmag,e_BPmag,FRP,e_FRP,RPmag,e_RPmag,BP-RP,RV,e_RV,Teff,AG,E_BP-RP_,Rad,Lum,in_field,Weight
0,112,150.13698920329,0.0732,-54.81474373888,0.0567,5260177293620497280,0.115,0.0733,-6.209,0.139,2.004,0.103,0,3335.2,3.3774,16.8806,0.0011,1520.4,7.1392,17.3965,0.0051,2856.7,7.8037,16.1223,0.003,1.2742,,,4892.67,,,,,IN,0
1,29,150.16829853374,0.135,-54.81470090668,0.1229,5260177117499592576,0.4721,0.1541,-7.078,0.264,6.483,0.226,0,865.28,1.2198,18.3455,0.0015,324.75,6.7338,19.0725,0.0225,849.83,9.595,17.4386,0.0123,1.6339,,,,,,,,IN,0
2,20,150.14540219793,0.0753,-54.81433870584,0.0717,5260177083139830144,0.2623,0.0885,-5.245,0.154,3.59,0.138,1,2984.5,2.643,17.0012,0.001,1305.2,12.162,17.5622,0.0101,2612.1,10.547,16.2195,0.0044,1.3428,,,4707.0,,,,,IN,0
3,128,150.14031394597,0.0323,-54.81411964698,0.0289,5260177293620498304,0.4682,0.037,-6.8,0.063,3.379,0.053,0,11389.0,5.3374,15.5471,0.0005,5688.5,13.509,15.9639,0.0026,8559.7,17.529,14.9308,0.0022,1.0331,,,5195.03,,,1.82,2.184,IN,0
4,84,150.13896988187,0.1631,-54.81400173758,0.1534,5260177293612371328,0.3971,0.1925,-5.464,0.328,2.668,0.289,0,741.51,1.2546,18.5131,0.0018,377.71,16.101,18.9085,0.0463,810.41,11.791,17.4902,0.0158,1.4183,,,,,,,,IN,0
5,55,150.18504422584,0.0537,-54.81392054,0.0537,5260177053102339456,0.5711,0.0681,-6.103,0.11,4.078,0.092,0,3986.7,2.6715,16.6868,0.0007,1794.1,12.24,17.2168,0.0074,3234.4,13.791,15.9874,0.0046,1.2293,,,4867.61,,,1.04,0.55,IN,0
6,52,150.1718024654,0.1488,-54.81389781637,0.1329,5260177117504051712,0.2475,0.1684,-4.067,0.29,2.702,0.243,0,777.41,1.2704,18.4617,0.0018,358.88,10.474,18.964,0.0317,790.51,13.331,17.5171,0.0183,1.4469,,,,,,,,IN,0
7,45,150.1706787177,0.18,-54.81374941831,0.162,5260177121821812864,0.3411,0.2061,-9.12,0.35,-0.407,0.297,0,602.79,1.1067,18.7379,0.002,231.98,29.287,19.4378,0.1371,573.33,7.4742,17.8659,0.0142,1.5719,,,,,,,,IN,0
8,48,150.16157433858,0.0324,-54.81359235686,0.0296,5260177121821811200,0.2873,0.0381,-7.221,0.066,2.466,0.057,0,9146.9,4.7965,15.7852,0.0006,2793.4,15.689,16.7361,0.0061,9798.6,20.326,14.784,0.0023,1.9521,,,3857.83,1.845,0.8825,,,IN,0
9,30,150.16560452917,0.1349,-54.81327115997,0.1242,5260177117499592448,-0.0429,0.158,-5.423,0.269,2.885,0.23,0,958.68,1.3955,18.2342,0.0016,384.62,14.314,18.8888,0.0404,1148.8,15.536,17.1114,0.0147,1.7775,,,,,,,,IN,0
10,136,150.13922329052,0.1443,-54.8130319219,0.133,5260177293611127552,0.1586,0.1699,-3.95,0.288,2.315,0.249,0,776.8,1.4365,18.4626,0.002,410.28,9.27,18.8187,0.0245,813.71,11.91,17.4858,0.0159,1.3329,,,,,,,,IN,0
11,28,150.17072770792,0.1073,-54.81289807971,0.096,5260177117499592320,0.0902,0.1202,-4.164,0.209,2.601,0.176,0,1291.2,1.5337,17.9109,0.0013,568.38,7.0606,18.4648,0.0135,1148.3,11.692,17.1118,0.0111,1.353,,,,,,,,IN,0
12,110,150.1448796255,0.0751,-54.81270683408,0.0698,5260177293620499328,0.3688,0.089,-4.667,0.153,3.886,0.131,0,2160.1,2.1408,17.3522,0.0011,1017.2,11.665,17.8328,0.0124,1867.8,21.764,16.5836,0.0127,1.2492,,,,,,,,IN,0
13,22,150.17973485033,0.0873,-54.81256244323,0.0781,5260177048780090624,0.6111,0.1043,-9.287,0.169,11.82,0.144,0,1836.6,1.9815,17.5283,0.0012,821.4,12.738,18.065,0.0168,1571.2,11.273,16.7714,0.0078,1.2937,,,,,,,,IN,0
14,253,150.19290875354,0.4023,-54.81253220744,0.5014,5260177431050170752,-0.2366,0.4734,-3.723,0.728,0.965,0.975,1,526.45,3.74,18.885,0.0077,551.82,60.159,18.4969,0.1184,913.84,9.2771,17.3597,0.011,1.1372,,,,,,,,IN,0
15,77,150.12818554014,0.0844,-54.81248101682,0.0789,5260177289298264448,0.1155,0.0972,-4.738,0.173,3.493,0.152,0,2180.2,1.8465,17.3421,0.0009,539.52,9.6389,18.5214,0.0194,2624.2,9.541,16.2144,0.0039,2.3069,,,,,,,,IN,0
16,57,150.16208886563,0.1009,-54.81242820011,0.0935,5260177117504050560,0.2303,0.12,-5.186,0.204,3.262,0.177,0,1479.4,1.5822,17.7631,0.0012,594.79,8.1796,18.4155,0.0149,1435.9,9.244,16.8691,0.007,1.5464,,,,,,,,IN,0
17,126,150.13533806397,0.1809,-54.81190681605,0.1662,5260177293611124096,0.7571,0.2105,-5.356,0.358,4.036,0.315,0,577.6,1.0882,18.7843,0.002,219.89,23.88,19.4959,0.1179,648.15,11.868,17.7327,0.0199,1.7631,,,,,,,,IN,0
18,272,150.19833158376,0.1009,-54.81144644477,0.0886,5260177426737215872,0.072,0.1133,-2.902,0.204,3.273,0.175,0,1690.2,1.8761,17.6185,0.0012,438.25,7.817,18.7471,0.0194,2024.7,8.2604,16.496,0.0044,2.2511,,,,,,,,IN,0
19,0,150.20927750333,0.0783,-54.81138383982,0.0725,5260176670827454848,0.2056,0.0927,-4.727,0.156,3.745,0.133,0,1938.7,2.0971,17.4696,0.0012,791.07,8.7131,18.1059,0.012,1980.1,11.632,16.5202,0.0064,1.5856,,,,,,,,IN,0
20,78,150.13565938235,0.0872,-54.81104186666,0.0796,5260177289298265216,0.2128,0.1006,-4.009,0.175,2.262,0.151,0,1922.3,1.9136,17.4788,0.0011,879.23,8.0622,17.9911,0.01,1597.8,8.7634,16.7531,0.006,1.238,,,,,,,,IN,0
21,34,150.17016026108,0.0338,-54.81064886732,0.0332,5260177121821970304,0.1147,0.0389,-4.07,0.07,2.62,0.064,0,10032.0,5.7958,15.6849,0.0006,4742.9,17.047,16.1613,0.0039,8036.4,14.947,14.9993,0.002,1.162,,,4883.09,,,,,IN,0
22,3,150.20923546453,0.0315,-54.81035681808,0.0284,5260176675145227136,0.5338,0.0355,-12.167,0.062,4.922,0.053,0,10229.0,5.4399,15.6638,0.0006,5164.6,10.778,16.0688,0.0023,7466.4,11.599,15.0791,0.0017,0.9896,,,5287.0,,,1.45,1.488,IN,0
23,58,150.1720404261,0.0905,-54.81027186242,0.0886,5260177117504051840,0.1935,0.1081,-4.145,0.18,2.556,0.159,0,1692.9,1.8023,17.6168,0.0012,778.15,9.7446,18.1237,0.0136,1459.8,10.326,16.8512,0.0077,1.2725,,,,,,,,IN,0
24,75,150.12929903693,0.1646,-54.80963120451,0.1632,5260177289298278400,0.317,0.1922,-4.88,0.336,3.812,0.322,0,775.22,1.2853,18.4648,0.0018,317.5,8.2159,19.097,0.0281,772.0,10.331,17.5429,0.0145,1.5542,,,,,,,,IN,0
25,212,150.19491733616,0.0625,-54.80918328351,0.0524,5260177431059467264,0.4463,0.0681,-6.413,0.119,3.465,0.1,0,3338.6,2.1766,16.8795,0.0007,1552.1,11.614,17.3741,0.0081,2609.8,11.944,16.2204,0.005,1.1537,,,4940.0,0.704,0.352,,,IN,0
26,202,150.20107672446,0.1193,-54.80903911334,0.11,5260177431059468544,0.1664,0.1442,-4.213,0.242,2.957,0.209,0,1153.5,1.7332,18.0334,0.0016,519.85,10.22,18.5617,0.0213,1371.5,16.788,16.919,0.0133,1.6427,,,,,,,,IN,0
27,51,150.17202331662,0.0414,-54.80843535857,0.0394,5260177121821815552,0.143,0.0504,-4.209,0.083,2.781,0.071,0,6339.6,3.7286,16.1832,0.0006,2906.0,9.2778,16.6932,0.0035,5249.7,10.509,15.4616,0.0022,1.2316,,,4896.33,,,,,IN,0
28,46,150.16552055936,0.0738,-54.80829271948,0.0679,5260177121821814016,0.2785,0.0837,-4.151,0.146,4.336,0.127,0,2499.5,2.1246,17.1938,0.0009,717.42,9.1295,18.2119,0.0138,2773.4,14.495,16.1544,0.0057,2.0576,,,,,,,,IN,0
29,168,150.18144743534,0.1968,-54.80825665555,0.1767,5260177431050166400,0.2434,0.2368,-4.354,0.389,3.743,0.331,1,520.26,1.0356,18.8978,0.0022,213.53,8.992,19.5278,0.0457,513.1,17.184,17.9864,0.0364,1.5414,,,,,,,,IN,0
30,7,150.21221251318,0.151,-54.80807178372,0.133,5260176709504968448,0.4804,0.1743,-5.046,0.29,3.656,0.24,0,724.35,1.3538,18.5385,0.002,283.65,5.9008,19.2194,0.0226,717.01,6.2186,17.6231,0.0094,1.5963,,,,,,,,IN,0
31,81,150.13793706293,0.5303,-54.80803778332,0.5178,5260177289298275584,-0.4941,0.6244,-5.901,1.133,1.156,1.015,0,1101.8,3.7379,18.0831,0.0037,486.06,9.8095,18.6347,0.0219,1095.7,11.122,17.1627,0.011,1.472,,,,,,,,IN,0
32,37,150.17072761082,0.0597,-54.8080272455,0.0572,5260177117504051456,0.1674,0.0719,-4.181,0.119,2.586,0.101,0,3580.6,2.6046,16.8035,0.0008,1619.7,9.4855,17.3278,0.0064,3108.0,12.953,16.0307,0.0045,1.2971,,,4877.47,,,,,IN,0
33,107,150.14672454754,0.0383,-54.80762766889,0.0347,5260177293620501888,0.0746,0.0444,-4.126,0.073,2.697,0.062,0,9008.3,5.9851,15.8018,0.0007,3980.4,12.131,16.3516,0.0033,7667.7,14.202,15.0503,0.002,1.3013,,,4889.5,,,,,IN,0
34,138,150.14215081589,0.0898,-54.80714504512,0.0821,5260177293611146880,-0.0226,0.1031,-4.254,0.18,2.481,0.157,0,1745.8,2.0765,17.5834,0.0013,741.82,9.2056,18.1756,0.0135,1641.5,8.0327,16.7238,0.0053,1.4518,,,,,,,,IN,0
35,44,150.17211703422,0.1365,-54.80707156037,0.1334,5260177121821816320,0.5958,0.1648,-6.822,0.276,3.778,0.245,0,1268.4,3.5401,17.9302,0.003,494.83,8.5029,18.6152,0.0187,1293.3,13.513,16.9827,0.0113,1.6325,,,,,,,,IN,0
36,208,150.18510274092,0.0342,-54.80640845352,0.0293,5260177431059466240,0.3783,0.0403,-6.782,0.068,5.808,0.055,0,10745.0,5.6058,15.6104,0.0006,5600.0,14.345,15.9809,0.0028,7661.4,12.65,15.0512,0.0018,0.9298,,,5292.0,,,2.1,3.11,IN,0
37,141,150.19073544801,0.1683,-54.80628753613,0.134,5260177426737235584,0.2367,0.1865,-4.1,0.305,2.509,0.258,0,797.4,1.4216,18.4342,0.0019,327.53,9.321,19.0633,0.0309,718.25,7.9327,17.6212,0.012,1.442,,,,,,,,IN,0
38,56,150.17408395244,0.0357,-54.80628014685,0.0342,5260177121822070656,0.0759,0.0433,-4.15,0.072,2.702,0.062,0,8117.7,16.642,15.9148,0.0022,3500.2,18.233,16.4912,0.0057,6985.1,54.607,15.1515,0.0085,1.3397,,,4673.0,,,,,IN,0
39,140,150.19287594975,0.1537,-54.80582239328,0.1358,5260177426737235456,0.6585,0.1792,-4.216,0.297,3.574,0.25,0,734.36,1.1334,18.5236,0.0017,269.35,10.447,19.2756,0.0421,730.76,6.8973,17.6025,0.0102,1.6731,,,,,,,,IN,0
40,164,150.17970705028,0.1612,-54.80576424869,0.1445,5260177499769647232,-0.1995,0.1924,-4.804,0.32,2.618,0.275,0,668.01,1.1214,18.6264,0.0018,258.96,8.2712,19.3183,0.0347,684.65,8.1274,17.6732,0.0129,1.645,,,,,,,,IN,0
41,27,150.16585717594,0.152,-54.80520704419,0.1279,5260177117499591552,0.099,0.1624,-4.445,0.3,4.15,0.241,0,882.43,1.2219,18.3242,0.0015,338.86,8.3599,19.0264,0.0268,872.23,9.5812,17.4103,0.0119,1.616,,,,,,,,IN,0
42,238,150.20670555204,0.1598,-54.80512262918,0.1316,5260177465409957504,-0.047,0.1865,-4.639,0.322,2.414,0.233,0,802.82,1.2151,18.4268,0.0016,,,,,,,,,,,,,,,,,IN,0
43,64,150.16319406259,0.1748,-54.80500972834,0.1604,5260177117499591424,0.168,0.2039,-3.884,0.347,2.811,0.299,0,653.64,1.3193,18.65,0.0022,305.14,11.197,19.1401,0.0398,648.16,8.834,17.7327,0.0148,1.4074,,,,,,,,IN,0
44,217,150.18058222609,0.0428,-54.80478227151,0.0403,5260177499778942592,0.1392,0.0501,-4.159,0.088,2.836,0.078,0,6754.8,3.7828,16.1143,0.0006,2998.9,12.823,16.659,0.0046,5681.5,11.627,15.3758,0.0022,1.2832,,,4942.03,,,,,IN,0
45,237,150.20704979086,0.1164,-54.80470368994,0.1059,5260177465409957376,-0.1223,0.1339,-4.467,0.232,2.459,0.197,1,1030.2,1.3056,18.156,0.0014,580.02,19.328,18.4428,0.0362,1256.2,29.013,17.0142,0.0251,1.4286,,,,,,,,IN,0
46,15,150.21195427891,0.0884,-54.80470072759,0.082,5260176709504971648,0.2866,0.1033,-4.013,0.183,2.719,0.154,0,1461.2,1.5461,17.7766,0.0011,628.77,7.1578,18.3552,0.0124,1291.3,7.8911,16.9844,0.0066,1.3708,,,,,,,,IN,0
47,99,150.14727212255,0.0418,-54.80451788068,0.0406,5260177327980396544,0.5054,0.0512,-0.853,0.086,1.342,0.073,0,6265.6,3.5515,16.196,0.0006,2932.3,13.033,16.6834,0.0048,4931.0,16.962,15.5296,0.0037,1.1538,,,5073.89,0.814,0.414,1.33,1.054,IN,0
48,169,150.17460192009,0.2044,-54.80447557633,0.197,5260177499769643520,-0.178,0.2531,-3.504,0.406,4.277,0.348,0,825.42,1.6351,18.3967,0.0022,350.39,7.8177,18.99,0.0242,824.98,8.1043,17.4708,0.0107,1.5192,,,,,,,,IN,0
49,68,150.16896436343,0.1036,-54.80420835178,0.0983,5260177117499596160,0.0487,0.1237,-4.065,0.216,2.914,0.211,0,1624.3,1.7641,17.6617,0.0012,730.01,6.7513,18.1931,0.01,1423.5,9.7476,16.8785,0.0074,1.3145,,,,,,,,IN,0
50,134,150.14258454223,0.1069,-54.8038302373,0.1011,5260177323662479104,0.1609,0.1267,-4.696,0.214,3.261,0.186,0,1273.2,1.5898,17.9261,0.0014,556.81,7.1429,18.4871,0.0139,1179.1,10.191,17.083,0.0094,1.4041,,,,,,,,IN,0
51,70,150.13253687814,0.0669,-54.80351905018,0.0609,5260177293611142912,0.3242,0.0765,-7.034,0.136,5.936,0.121,0,2699.0,2.0811,17.1104,0.0008,1191.8,8.6422,17.6609,0.0079,2285.2,13.087,16.3646,0.0062,1.2963,,,,,,,,IN,0
52,108,150.1398916173,0.0456,-54.80334925151,0.0424,5260177327980240640,0.174,0.0525,-7.01,0.093,4.148,0.083,0,5672.8,4.0763,16.3039,0.0008,2416.5,41.646,16.8934,0.0187,5422.4,48.915,15.4264,0.0098,1.467,,,4467.5,,,,,IN,0
53,49,150.1576767334,0.053,-54.80292305977,0.0498,5260177121821814528,0.3226,0.0614,-3.317,0.109,2.323,0.094,0,4681.8,3.2836,16.5123,0.0008,1435.1,6.7913,17.4592,0.0051,4945.7,9.083,15.5263,0.002,1.9328,,,3883.53,,,,,IN,0
54,50,150.16449599109,0.1338,-54.80291255083,0.1256,5260177121821816448,0.2585,0.1564,-3.649,0.272,3.324,0.238,0,1589.4,1.9081,17.6853,0.0013,745.88,16.045,18.1697,0.0234,1517.0,11.024,16.8095,0.0079,1.3603,,,,,,,,IN,0
55,76,150.14056672761,0.0485,-54.80278177449,0.0472,5260177327970891648,0.4576,0.0569,-8.161,0.097,3.033,0.088,0,4925.6,3.0405,16.4572,0.0007,2230.5,20.997,16.9804,0.0102,4105.2,21.889,15.7286,0.0058,1.2518,,,4882.0,,,1.44,1.055,IN,0
56,89,150.15109205982,0.2153,-54.80245458889,0.1951,5260177323658030080,0.893,0.2468,-8.798,0.413,5.529,0.358,0,487.99,1.3223,18.9673,0.0029,145.53,7.6265,19.944,0.0569,552.48,8.1096,17.9061,0.0159,2.0379,,,,,,,,IN,0
57,206,150.19338010485,0.0989,-54.80244674851,0.0901,5260177431059470080,0.0464,0.1153,-2.705,0.197,2.997,0.169,0,1710.7,1.7007,17.6054,0.0011,346.75,10.238,19.0014,0.0321,2264.4,6.182,16.3745,0.003,2.6268,,,,,,,,IN,0
58,269,150.18413740058,0.2038,-54.80208213546,0.1757,5260177426737247488,-0.0338,0.2271,-4.745,0.403,2.572,0.357,0,593.77,1.1535,18.7543,0.0021,269.49,8.5902,19.275,0.0346,631.98,8.3883,17.7602,0.0144,1.5149,,,,,,,,IN,0
59,73,150.14439072676,0.1868,-54.80199542695,0.1771,5260177327970898048,0.1756,0.2308,-3.41,0.375,1.86,0.328,0,613.85,1.2914,18.7182,0.0023,251.32,8.399,19.3508,0.0363,706.86,10.416,17.6386,0.016,1.7122,,,,,,,,IN,0
60,40,150.16477999764,0.0924,-54.8018701002,0.0844,5260177117499689472,0.0475,0.1078,-4.018,0.183,2.829,0.159,0,1587.9,1.698,17.6863,0.0012,764.53,11.386,18.1429,0.0162,1568.6,11.672,16.7732,0.0081,1.3698,,,,,,,,IN,0
61,101,150.13750698317,0.113,-54.80176606064,0.1069,5260177323658055296,0.3917,0.1318,-4.444,0.228,2.332,0.202,0,1286.4,1.5762,17.915,0.0013,461.35,8.0682,18.6913,0.019,1315.8,9.2795,16.9639,0.0077,1.7274,,,,,,,,IN,0
62,42,150.16592214695,0.244,-54.80141201785,0.2405,5260177121821817856,0.4235,0.3128,-4.005,0.486,2.539,0.402,0,491.65,1.6086,18.9592,0.0036,,,,,,,,,,,,,,,,,IN,0
63,93,150.15358093012,0.1609,-54.80125868988,0.1516,5260177327970912128,0.2737,0.1872,-4.224,0.319,2.518,0.283,0,693.64,1.7328,18.5855,0.0027,260.1,5.8441,19.3135,0.0244,748.01,10.095,17.5772,0.0147,1.7364,,,,,,,,IN,0
64,143,150.1909308674,0.1319,-54.80116171747,0.1209,5260177426737250688,0.2166,0.1559,-2.778,0.262,1.205,0.215,0,995.43,1.3384,18.1933,0.0015,398.68,7.094,18.8498,0.0193,900.74,6.6377,17.3754,0.008,1.4744,,,,,,,,IN,0
65,180,150.17689071513,0.051,-54.80115800751,0.0474,5260177499769655040,0.5077,0.062,-5.031,0.102,7.65,0.09,0,3973.5,2.3148,16.6904,0.0006,1869.3,12.273,17.1722,0.0071,3138.7,10.43,16.0201,0.0036,1.1522,,,4993.98,0.7783,0.378,1.1,0.673,IN,0
66,123,150.14518424213,0.0438,-54.80115755653,0.0416,5260177327980242816,0.1062,0.0536,-4.146,0.09,2.772,0.076,0,6550.9,4.1514,16.1476,0.0007,2920.1,11.681,16.6879,0.0043,5479.4,11.662,15.4151,0.0023,1.2728,,,4827.14,,,,,IN,0
67,258,150.1663576108,0.18,-54.80113398179,0.1793,5260177499769638656,0.4934,0.2271,-5.222,0.362,3.898,0.329,0,596.58,1.1588,18.7492,0.0021,339.0,17.108,19.0259,0.0548,839.65,37.081,17.4517,0.0479,1.5742,,,,,,,,IN,0
68,159,150.16801514752,0.1921,-54.80104616428,0.1815,5260177499769642752,0.9412,0.2338,-3.91,0.373,-0.132,0.332,0,727.34,1.3798,18.534,0.0021,365.15,11.316,18.9452,0.0336,1102.8,21.847,17.1557,0.0215,1.7895,,,,,,,,IN,0
69,173,150.17718933407,0.0869,-54.8000139449,0.0796,5260177499769657984,0.3736,0.1037,-3.712,0.175,2.269,0.151,0,1624.0,1.7212,17.6619,0.0012,726.11,11.45,18.1989,0.0171,1498.1,12.973,16.8231,0.0094,1.3758,,,,,,,,IN,0
70,244,150.21276316437,0.0842,-54.79979859169,0.0783,5260177465419219584,0.0293,0.0952,-6.464,0.177,4.428,0.151,0,2311.6,2.0465,17.2786,0.001,528.55,7.8212,18.5437,0.0161,3005.3,9.1803,16.0672,0.0033,2.4765,,,,,,,,IN,0
71,171,150.1669427548,0.0597,-54.79961950998,0.0637,5260177499769644544,0.086,0.0743,-3.879,0.124,2.884,0.121,0,3720.4,2.6179,16.7619,0.0008,1760.7,11.485,17.2372,0.0071,3342.6,21.383,15.9517,0.0069,1.2854,,,4665.24,,,,,IN,0
72,153,150.16368435369,0.0816,-54.79940930892,0.0801,5260177499769639552,0.2548,0.0941,-4.089,0.167,2.578,0.159,0,1980.6,1.9427,17.4464,0.0011,982.79,13.025,17.8702,0.0144,1853.9,31.218,16.5917,0.0183,1.2786,,,,,,,,IN,0
73,181,150.17057823061,0.1134,-54.79929957775,0.1189,5260177499769651328,0.0014,0.1473,-4.482,0.235,2.826,0.22,0,1679.7,2.5678,17.6253,0.0017,981.25,62.4,17.8719,0.069,1608.1,44.434,16.7461,0.03,1.1258,,,,,,,,IN,0
74,142,150.20083209152,0.177,-54.79912306515,0.1707,5260177461096992896,-0.6371,0.2152,-5.076,0.349,2.938,0.297,0,617.43,1.0373,18.7119,0.0018,237.75,7.8513,19.4111,0.0359,659.88,7.3513,17.7133,0.0121,1.6978,,,,,,,,IN,0
75,41,150.16016872716,0.043,-54.79901976759,0.0399,5260177121821817216,0.0642,0.0501,-4.251,0.089,2.659,0.078,0,6088.3,3.3348,16.2271,0.0006,2835.4,15.413,16.7198,0.0059,4974.3,10.46,15.5201,0.0023,1.1997,,,4893.5,,,,,IN,0
76,218,150.17137048237,0.0631,-54.79895444228,0.0611,5260177499778942720,0.0026,0.0789,-4.479,0.132,2.57,0.108,0,3015.8,2.9841,16.9899,0.0011,2031.3,74.108,17.082,0.0396,3050.7,52.634,16.0509,0.0187,1.031,,,5143.45,,,,,IN,0
77,117,150.13688047877,0.0797,-54.79893919108,0.0788,5260177327980242048,2.3588,0.09,-49.58,0.172,21.62,0.163,0,88570.0,26.957,13.3201,0.0003,43975.0,40.153,13.7434,0.001,64843.0,55.461,12.7323,0.0009,1.0111,,,5289.46,0.253,0.124,0.97,0.659,IN,0
78,178,150.17284068016,0.0887,-54.79868414443,0.0768,5260177499769655936,0.0634,0.1005,-5.402,0.175,1.89,0.149,0,2146.2,4.2358,17.3592,0.0021,,,,,,,,,,,,,,,,,IN,0
79,154,150.21125506962,0.1029,-54.79836688059,0.0955,5260177461096997248,0.2564,0.1207,-6.342,0.215,4.535,0.181,0,1408.0,1.5789,17.8169,0.0012,391.51,7.5575,18.8695,0.021,1635.4,8.6584,16.7279,0.0057,2.1417,,,,,,,,IN,0
80,211,150.17165741714,0.0193,-54.79810901267,0.0171,5260177499778943616,0.3378,0.0219,-5.701,0.04,1.766,0.035,0,80458.0,20.623,13.4244,0.0003,53214.0,81.411,13.5363,0.0017,42808.0,31.788,13.1831,0.0008,0.3532,,,8187.0,,,,,IN,0
81,130,150.14248186019,0.2163,-54.79803259773,0.2008,5260177327980243712,0.1724,0.2601,-6.029,0.44,4.129,0.41,0,651.08,1.3598,18.6543,0.0023,282.65,6.5803,19.2233,0.0253,704.8,10.583,17.6417,0.0163,1.5815,,,,,,,,IN,0
82,145,150.1747446768,0.0925,-54.79777811836,0.0872,5260177495461259392,0.2087,0.1109,-4.203,0.188,2.723,0.169,0,1629.5,1.6873,17.6582,0.0011,780.34,10.466,18.1207,0.0146,1392.6,8.6178,16.9023,0.0067,1.2183,,,,,,,,IN,0
83,155,150.20858845646,0.2093,-54.79773659651,0.1859,5260177461096997376,0.4741,0.2427,-6.546,0.398,2.421,0.329,0,511.16,1.1214,18.917,0.0024,206.06,6.6576,19.5664,0.0351,516.7,8.0534,17.9788,0.0169,1.5876,,,,,,,,IN,0
84,152,150.18501453065,0.0557,-54.79742975401,0.0524,5260177495456740736,0.3624,0.0645,-6.7,0.114,4.401,0.1,0,3207.6,2.1364,16.9229,0.0007,1405.9,10.345,17.4815,0.008,2647.2,8.3426,16.205,0.0034,1.2765,,,4856.18,,,,,IN,0
85,230,150.194500237,0.0518,-54.79711846508,0.0491,5260177465419213952,0.5554,0.0616,-4.02,0.107,2.899,0.094,0,3661.7,2.2843,16.7791,0.0007,1694.6,8.5903,17.2788,0.0055,2888.4,9.0277,16.1103,0.0034,1.1685,,,4886.0,0.5237,0.262,1.02,0.532,IN,0
86,204,150.1791607004,0.0735,-54.79708766257,0.0688,5260177499778946048,0.2443,0.0869,-3.907,0.147,3.849,0.132,0,2186.5,1.8913,17.339,0.0009,674.8,7.9299,18.2784,0.0128,2407.7,11.737,16.3079,0.0053,1.9705,,,,,,,,IN,0
87,186,150.17738563698,0.087,-54.79698734382,0.0794,5260177499769670144,0.428,0.1001,-0.621,0.179,4.051,0.17,0,2047.4,1.9753,17.4104,0.001,932.56,7.4805,17.9272,0.0087,1809.3,13.647,16.6181,0.0082,1.3091,,,,,,,,IN,0
88,226,150.19742215707,0.0705,-54.79681739045,0.0683,5260177465419216256,0.2859,0.0847,-1.82,0.148,5.595,0.131,0,2763.2,2.369,17.0848,0.0009,744.38,6.5997,18.1719,0.0096,3138.4,9.802,16.0202,0.0034,2.1517,,,,,,,,IN,0
89,82,150.14307130759,0.1553,-54.79674729498,0.1574,5260177327970909568,0.2917,0.1896,-3.819,0.308,1.961,0.273,0,764.6,1.2975,18.4798,0.0018,326.12,6.738,19.0679,0.0224,788.04,11.22,17.5206,0.0155,1.5474,,,,,,,,IN,0
90,129,150.14088318222,0.2209,-54.79662334627,0.2318,5260177327980243968,0.4278,0.2804,-8.44,0.485,2.89,0.458,0,18128.0,52.812,15.0425,0.0032,6321.4,16.291,15.8494,0.0028,20149.0,35.181,14.0013,0.0019,1.8481,,,4062.5,,,,,IN,0
91,144,150.1746387032,0.1106,-54.79657013188,0.1054,5260177495461259264,0.1628,0.1313,-4.014,0.225,2.622,0.203,0,1496.4,1.8008,17.7507,0.0013,700.11,10.284,18.2385,0.0159,1383.7,9.2188,16.9093,0.0072,1.3291,,,,,,,,IN,0
92,193,150.18696212033,0.16,-54.79626322618,0.1518,5260177495457212288,0.1174,0.1895,-10.054,0.33,3.496,0.29,0,635.55,1.2303,18.6805,0.0021,248.53,7.6491,19.363,0.0334,657.83,6.801,17.7166,0.0112,1.6463,,,,,,,,IN,0
93,162,150.19071680226,0.1303,-54.79614725864,0.1221,5260177461097013632,-0.0464,0.1526,-4.633,0.266,2.775,0.232,0,831.33,1.1827,18.3889,0.0015,349.86,5.9251,18.9917,0.0184,800.39,7.9799,17.5037,0.0108,1.488,,,,,,,,IN,0
94,209,150.16567664884,0.0756,-54.79590978468,0.0762,5260177499778943232,0.2575,0.0972,-4.298,0.153,2.471,0.133,0,2399.4,2.1727,17.2381,0.001,,,,,,,,,,,,,,,,,IN,0
95,157,150.16664617616,0.0581,-54.79590450857,0.0589,5260177495456743552,0.1626,0.0729,-4.368,0.118,2.685,0.105,0,3643.5,2.7781,16.7846,0.0008,1762.4,22.399,17.2362,0.0138,3292.1,40.898,15.9682,0.0135,1.2679,,,4566.7,,,,,IN,0
96,124,150.13071101402,0.0522,-54.79540903518,0.049,5260177327980242304,0.3397,0.0599,-6.354,0.105,3.462,0.093,0,4419.0,3.2556,16.5751,0.0008,1506.3,9.1124,17.4066,0.0066,4473.9,11.043,15.6352,0.0027,1.7714,,,3974.0,2.352,1.238,,,IN,0
97,216,150.16065864199,0.0712,-54.79511760036,0.0667,5260177499778942080,0.1579,0.0846,-4.208,0.146,2.605,0.131,0,18520.0,10.042,15.0192,0.0006,8585.5,11.927,15.517,0.0015,15263.0,25.734,14.3028,0.0018,1.2141,,,4884.0,,,,,IN,0
98,163,150.18417551046,0.1657,-54.79498539573,0.1525,5260177495456752256,0.1213,0.1914,-5.737,0.347,3.908,0.299,0,665.36,1.1882,18.6307,0.0019,250.82,10.024,19.353,0.0434,701.76,7.1724,17.6464,0.0111,1.7065,,,,,,,,IN,0
99,100,150.14527345511,0.2099,-54.794965382,0.1912,5260177323658054400,0.1612,0.2391,-4.684,0.413,2.588,0.373,0,489.18,1.1465,18.9647,0.0025,214.54,7.413,19.5226,0.0375,505.14,9.545,18.0034,0.0205,1.5192,,,,,,,,IN,0
100,371,150.1568413034,0.2676,-54.79488661528,0.2943,5260177705937371008,0.8427,0.3413,-5.124,0.567,2.262,0.529,0,507.18,2.4409,18.9255,0.0052,,,,,,,,,,,,,,,,,IN,0
101,88,150.14189873406,0.123,-54.79477981145,0.1168,5260177327970912896,0.2361,0.144,-6.035,0.247,4.426,0.223,0,1059.1,1.6321,18.1261,0.0017,365.09,12.871,18.9454,0.0383,1162.2,13.811,17.0988,0.0129,1.8466,,,,,,,,IN,0
102,266,150.17280385626,0.2493,-54.79458965852,0.2222,5260177499779211392,-0.1199,0.3042,-4.689,0.55,2.549,0.409,0,474.19,1.9219,18.9985,0.0044,350.73,23.54,18.989,0.0729,1293.9,141.56,16.9822,0.1188,2.0068,,,,,,,,IN,0
103,161,150.19020000923,0.1065,-54.7945139688,0.1,5260177461097013504,0.1299,0.1227,-4.51,0.217,2.6,0.189,0,1135.5,1.4726,18.0504,0.0014,479.9,7.4295,18.6485,0.0168,1002.4,8.6378,17.2593,0.0094,1.3892,,,,,,,,IN,0
104,370,150.15474827799,0.0523,-54.79434733182,0.0492,5260177705937370880,0.217,0.0585,-4.007,0.106,2.698,0.094,1,820870.0,930.83,10.9027,0.0012,113800.0,702.43,12.7111,0.0067,1129500.0,3886.1,9.6297,0.0037,3.0814,,,3387.0,2.2037,1.1428,,,IN,0
105,83,150.15105275872,0.1312,-54.79432481674,0.1218,5260177327972735488,0.6028,0.1459,-4.237,0.265,3.153,0.24,0,1339.4,2.4562,17.8711,0.002,622.72,9.4104,18.3657,0.0164,1511.8,18.757,16.8132,0.0135,1.5525,,,,,,,,IN,0
106,160,150.18708581451,0.0697,-54.79427298916,0.0624,5260177529816490112,0.0062,0.0803,-4.323,0.139,2.592,0.117,0,2324.6,1.7546,17.2725,0.0008,1066.2,7.6241,17.7818,0.0078,1909.2,7.444,16.5598,0.0042,1.222,,,,,,,,IN,0
107,228,150.1748398726,0.1336,-54.79373400163,0.1379,5260177499769676544,0.2256,0.1621,-4.136,0.289,2.763,0.26,0,941.03,1.7928,18.2544,0.0021,552.98,20.499,18.4946,0.0402,1259.1,70.74,17.0118,0.061,1.4828,,,,,,,,IN,0
108,137,150.13511427131,0.1723,-54.79365394279,0.1604,5260177327970904960,0.3861,0.2167,-3.837,0.356,3.122,0.283,0,664.35,1.3678,18.6324,0.0022,441.86,15.89,18.7382,0.039,909.46,28.477,17.365,0.034,1.3732,,,,,,,,IN,0
109,284,150.21312772151,0.0327,-54.79362838006,0.029,5260177564176226304,0.6238,0.0362,1.397,0.065,-1.653,0.055,0,9053.5,4.3265,15.7963,0.0005,4502.0,13.876,16.2179,0.0033,6765.3,15.92,15.1862,0.0026,1.0317,,,5152.1,0.6317,0.3055,1.25,0.985,IN,0
110,270,150.18108899962,0.0843,-54.79359918103,0.0868,5260177499778949248,0.2287,0.1044,-4.101,0.175,2.615,0.161,0,1604.5,1.8877,17.675,0.0013,740.06,6.7819,18.1782,0.0099,1361.2,8.6464,16.9271,0.0069,1.2511,,,,,,,,IN,0
111,343,150.15710669037,0.1717,-54.7935630842,0.1732,5260177705928077952,0.3675,0.2059,-5.951,0.343,3.276,0.374,0,723.33,2.0137,18.54,0.003,415.09,19.304,18.806,0.0505,1395.9,91.49,16.8998,0.0712,1.9063,,,,,,,,IN,0
112,268,150.17177547973,0.0317,-54.79349336869,0.0302,5260177495456252288,0.0802,0.0368,-4.203,0.066,2.875,0.057,0,305180.0,115.38,11.977,0.0004,54648.0,193.98,13.5075,0.0039,397890.0,538.01,10.7625,0.0015,2.745,,,4094.04,,,,,IN,0
113,86,150.13395920132,0.0337,-54.7934222765,0.0317,5260177327970905088,0.1754,0.039,-10.064,0.069,2.304,0.06,0,21600.0,8.0257,14.8522,0.0004,6020.3,17.309,15.9024,0.0031,24198.0,24.201,13.8025,0.0011,2.0999,,,3854.22,1.6315,0.797,,,IN,0
114,200,150.17612992067,0.093,-54.79285806028,0.0959,5260177499778947840,0.0587,0.115,-4.694,0.194,2.735,0.176,0,1650.6,2.1327,17.6443,0.0014,,,,,,,,,,,,,,,,,IN,0
115,249,150.18841228007,0.1154,-54.79281691538,0.1033,5260177534129447424,0.1688,0.1336,-4.235,0.229,2.528,0.194,0,1077.8,1.385,18.107,0.0014,476.36,11.868,18.6566,0.027,944.25,9.928,17.3242,0.0114,1.3323,,,,,,,,IN,0
116,207,150.17519055044,0.0423,-54.79279897672,0.0426,5260177499778946944,0.0449,0.0518,-4.03,0.091,2.604,0.081,0,6861.6,5.0321,16.0973,0.0008,3246.2,22.875,16.573,0.0077,6084.8,47.996,15.3013,0.0086,1.2717,,,4684.0,,,,,IN,0
117,96,150.14498025679,0.1882,-54.79279162382,0.1743,5260177327970921344,0.1896,0.2242,-4.193,0.377,2.678,0.336,0,534.22,1.3049,18.8691,0.0027,222.65,7.6896,19.4823,0.0375,563.0,9.4719,17.8856,0.0183,1.5967,,,,,,,,IN,0
118,184,150.17179863458,0.9159,-54.79244961551,0.8661,5260177499769672448,,,,,,,0,970.72,2.4605,18.2206,0.0028,647.76,28.827,18.3229,0.0483,2126.1,86.082,16.443,0.044,1.8799,,,,,,,,IN,0
119,342,150.15608112923,0.1908,-54.79231401652,0.1608,5260177705928079872,0.5275,0.2092,-6.377,0.354,3.272,0.291,0,672.24,1.3117,18.6195,0.0021,366.74,7.6002,18.9405,0.0225,900.11,17.25,17.3762,0.0208,1.5643,,,,,,,,IN,0
120,150,150.16558686256,0.0619,-54.79220818971,0.0661,5260177495461257728,0.1116,0.0796,-4.448,0.125,2.503,0.113,0,3217.0,2.8362,16.9197,0.001,1459.1,13.865,17.4412,0.0103,2865.6,23.761,16.1189,0.009,1.3223,,,4760.0,,,,,IN,0
121,354,150.15909610632,0.226,-54.79217000161,0.2154,5260177705928084480,0.1422,0.2675,-5.083,0.466,2.907,0.416,0,484.15,1.3126,18.9759,0.0029,309.6,8.8769,19.1244,0.0311,813.59,29.758,17.4859,0.0397,1.6385,,,,,,,,IN,0
122,185,150.17128476804,0.1578,-54.79187200093,0.1411,5260177499769672576,0.4203,0.1761,-2.804,0.34,2.991,0.313,0,758.44,1.4524,18.4886,0.0021,260.97,10.317,19.3099,0.0429,1027.9,11.425,17.232,0.0121,2.0779,,,,,,,,IN,0
123,95,150.14448290532,0.1678,-54.79185501181,0.1558,5260177327970922496,-0.0005,0.2008,-4.567,0.34,3.8,0.3,0,606.03,1.0972,18.7321,0.002,183.37,6.2004,19.6931,0.0367,749.68,12.038,17.5747,0.0174,2.1183,,,,,,,,IN,0
124,102,150.13879795234,0.2181,-54.79180007327,0.2134,5260177323658063872,-0.9587,0.2561,-4.413,0.432,2.417,0.382,0,553.76,1.2879,18.8301,0.0025,262.95,9.5058,19.3017,0.0392,553.85,9.636,17.9034,0.0189,1.3983,,,,,,,,IN,0
125,210,150.17774458629,0.1728,-54.79165150565,0.1909,5260177499769688320,-0.1171,0.2169,-4.451,0.365,2.635,0.393,0,808.12,1.5692,18.4197,0.0021,433.2,15.014,18.7597,0.0376,880.11,18.074,17.4006,0.0223,1.3591,,,,,,,,IN,0
126,195,150.17262354498,0.1853,-54.79148727556,0.1737,5260177499769679360,-0.0634,0.2229,-3.931,0.37,2.273,0.336,0,568.33,1.3173,18.8019,0.0025,287.54,14.643,19.2046,0.0553,760.09,42.04,17.5598,0.0601,1.6449,,,,,,,,IN,0
127,242,150.18479832525,0.0978,-54.79142927665,0.0877,5260177534129444480,0.0335,0.108,-6.921,0.204,3.536,0.17,0,1875.8,2.0737,17.5054,0.0012,830.32,8.4004,18.0533,0.011,1807.2,11.395,16.6194,0.0068,1.4339,,,,,,,,IN,0
128,156,150.19576824054,0.1502,-54.79141503373,0.1403,5260177461097020416,0.2873,0.1802,-4.221,0.315,3.011,0.265,0,773.39,1.2547,18.4674,0.0018,301.42,9.8448,19.1534,0.0355,763.74,7.3706,17.5546,0.0105,1.5989,,,,,,,,IN,0
129,233,150.17904101279,0.0346,-54.79128397156,0.036,5260177499778949504,0.1148,0.0422,-4.383,0.072,2.741,0.07,0,8072.0,5.6423,15.9209,0.0008,3771.9,13.004,16.41,0.0037,6567.4,16.795,15.2184,0.0028,1.1915,,,4901.0,,,,,IN,0
130,201,150.16569839157,0.0325,-54.79126949706,0.0359,5260177499778945152,0.0875,0.0383,-4.444,0.066,2.76,0.072,0,11946.0,6.0304,15.4953,0.0005,5539.0,15.87,15.9928,0.0031,9820.5,14.279,14.7816,0.0016,1.2112,,,4872.75,,,,,IN,0
131,103,150.13505946681,0.134,-54.79125692758,0.1289,5260177323658065280,0.1435,0.1575,-3.953,0.264,2.729,0.229,0,890.72,1.3111,18.314,0.0016,409.87,9.1345,18.8198,0.0242,873.0,11.869,17.4094,0.0148,1.4104,,,,,,,,IN,0
132,429,150.16031953274,0.0935,-54.79123853486,0.0914,5260177705928087680,0.2268,0.1165,-3.905,0.188,2.651,0.168,0,1698.5,2.2613,17.6132,0.0014,1029.7,33.84,17.8196,0.0357,2135.4,42.671,16.4382,0.0217,1.3814,,,,,,,,IN,0
133,174,150.16886444141,0.0847,-54.79117422424,0.0788,5260177495457181824,-0.0074,0.0962,-4.102,0.181,2.844,0.166,0,1739.8,1.6828,17.5871,0.0011,787.48,10.451,18.1108,0.0144,1643.5,18.796,16.7225,0.0124,1.3883,,,,,,,,IN,0
134,392,150.1536377887,0.1357,-54.79116936561,0.1294,5260177705937372416,0.5477,0.1542,-2.434,0.308,3.661,0.271,0,12685.0,30.504,15.4302,0.0026,7383.9,115.05,15.6807,0.0169,13000.0,184.6,14.4771,0.0154,1.2036,,,5074.4,,,,,IN,0
135,229,150.18296082746,0.0492,-54.7910174392,0.0467,5260177534138690560,0.1143,0.0573,-4.321,0.104,2.644,0.09,0,4610.8,3.3783,16.5289,0.0008,2271.7,29.053,16.9605,0.0139,3909.0,24.269,15.7818,0.0067,1.1787,,,5037.74,,,,,IN,0
136,344,150.15336276451,0.1269,-54.79092116323,0.0984,5260177705928079232,0.2076,0.0715,-3.666,0.281,2.983,0.218,0,5158.8,5.7344,16.407,0.0012,,,,,,,,,,,,,,,,,IN,0
137,347,150.15985196276,0.1468,-54.79081122766,0.169,5260177705928087552,0.3283,0.2004,-2.381,0.33,2.465,0.303,0,1192.1,3.6143,17.9976,0.0033,1195.3,244.06,17.6577,0.2217,2180.1,240.02,16.4157,0.1195,1.242,,,,,,,,IN,0
138,367,150.15514823483,0.0955,-54.7907639122,0.0807,5260177705937373056,-0.1882,0.0995,-3.956,0.2,2.646,0.162,0,3329.6,3.1307,16.8824,0.001,1602.5,16.898,17.3394,0.0114,2896.9,17.231,16.1071,0.0065,1.2323,,,4751.75,,,,,IN,0
139,205,150.17067057188,0.1279,-54.79043641486,0.1198,5260177499778946688,0.144,0.154,-4.379,0.268,2.533,0.23,0,914.52,1.3161,18.2854,0.0016,450.17,18.657,18.718,0.045,848.97,15.702,17.4397,0.0201,1.2783,,,,,,,,IN,0
140,388,150.16199913219,0.0218,-54.79042246582,0.0219,5260177705937374848,0.1183,0.0263,-4.067,0.045,2.624,0.041,1,23040.0,10.925,14.7822,0.0005,10746.0,18.919,15.2733,0.0019,19018.0,26.195,14.064,0.0015,1.2092,,,4893.5,,,,,IN,0
141,245,150.18929497,0.2043,-54.79038704108,0.2026,5260177529825731072,-0.0375,0.2603,-3.553,0.404,3.263,0.349,0,480.47,1.1652,18.9842,0.0026,229.44,9.4498,19.4497,0.0447,489.84,9.3324,18.0368,0.0207,1.413,,,,,,,,IN,0
142,149,150.16507597936,0.0437,-54.79034649385,0.0431,5260177495461257472,0.1739,0.0528,-4.156,0.089,2.683,0.079,0,5389.6,3.1766,16.3595,0.0006,2543.3,14.434,16.8379,0.0062,4576.3,11.792,15.6106,0.0028,1.2273,,,4835.01,,,,,IN,0
143,182,150.16659305265,0.0896,-54.79027577466,0.0926,5260177499769674752,0.4956,0.1017,-3.549,0.193,2.394,0.192,0,1724.8,1.7498,17.5965,0.0011,818.38,7.4704,18.069,0.0099,1591.4,14.062,16.7575,0.0096,1.3115,,,,,,,,IN,0
144,227,150.17900846638,0.1673,-54.79026706361,0.1663,5260177534129434752,0.1227,0.1994,-5.251,0.344,2.91,0.324,0,568.15,1.0767,18.8022,0.0021,270.78,13.808,19.2699,0.0554,683.9,12.22,17.6744,0.0194,1.5954,,,,,,,,IN,0
145,271,150.18317733386,0.0236,-54.79022504395,0.0252,5260177534138691456,0.1467,0.0297,-4.232,0.05,2.74,0.05,0,18945.0,22.105,14.9947,0.0013,8988.6,23.824,15.4672,0.0029,15303.0,36.813,14.3,0.0026,1.1672,,,4898.0,,,,,IN,0
146,348,150.15903855166,0.1852,-54.79020730022,0.1772,5260177705928088448,-0.001,0.2188,-3.918,0.389,2.984,0.373,0,568.78,1.0319,18.801,0.002,286.11,7.6431,19.2101,0.029,579.31,11.163,17.8546,0.0209,1.3554,,,,,,,,IN,0
147,158,150.19810121344,0.0866,-54.79016651033,0.0734,5260177461097020288,0.2545,0.0944,-5.429,0.18,3.07,0.145,0,2195.1,2.1118,17.3347,0.001,915.79,9.8938,17.9469,0.0117,2286.0,33.378,16.3642,0.0159,1.5827,,,,,,,,IN,0
148,175,150.16917350274,0.0456,-54.78969261915,0.0466,5260177495457182464,0.1967,0.0525,-4.115,0.094,2.619,0.094,0,5368.0,3.6788,16.3638,0.0007,2452.9,9.6527,16.8772,0.0043,4500.5,11.571,15.6288,0.0028,1.2484,,,4899.25,,,,,IN,0
149,213,150.18781744029,0.1006,-54.78957664711,0.1027,5260177529816951680,0.0216,0.1221,-4.279,0.209,2.668,0.189,0,1407.1,1.5719,17.8176,0.0012,669.83,11.065,18.2865,0.0179,1227.6,10.49,17.0393,0.0093,1.2472,,,,,,,,IN,0
150,416,150.15149188981,0.0362,-54.78953832094,0.0334,5260177705937560832,0.053,0.0418,-4.287,0.073,2.699,0.064,0,7923.9,6.263,15.941,0.0009,3765.4,16.184,16.4119,0.0047,6327.3,17.774,15.2589,0.003,1.153,,,4899.93,,,,,IN,0
151,203,150.16418109925,0.0924,-54.78953290581,0.0947,5260177499778945536,0.202,0.1126,-4.224,0.191,2.673,0.173,0,1531.5,1.6402,17.7256,0.0012,706.18,10.134,18.2291,0.0156,1535.5,15.83,16.7963,0.0112,1.4328,,,,,,,,IN,0
152,236,150.17629811154,0.023,-54.78953148765,0.022,5260177534138689024,0.0979,0.0268,-4.257,0.047,2.776,0.042,0,147630.0,530.88,12.7654,0.0039,58228.0,880.19,13.4386,0.0164,130760.0,1561.0,11.9707,0.013,1.4679,,,4440.0,,,,,IN,0
153,183,150.1710864252,0.1013,-54.78951240645,0.1069,5260177499769684992,0.9771,0.1215,-3.583,0.213,2.134,0.225,0,1866.8,2.3521,17.5106,0.0014,955.98,14.856,17.9003,0.0169,1862.4,19.95,16.5867,0.0116,1.3135,,,,,,,,IN,0
154,349,150.1546836313,0.2011,-54.78899401763,0.1789,5260177705928086272,0.033,0.2222,-7.174,0.439,1.661,0.356,0,638.83,1.5034,18.6749,0.0026,375.93,14.389,18.9136,0.0416,989.39,18.417,17.2735,0.0202,1.6401,,,,,,,,IN,0
155,189,150.16842841313,0.1916,-54.78893078946,0.1768,5260177499769681024,-0.0552,0.2283,-5.651,0.38,3.129,0.334,0,558.0,2.0381,18.8218,0.004,,,,,,,,,,,,,,,,,IN,0
156,188,150.17667120901,0.0768,-54.78889340068,0.0725,5260177534129433472,-0.3261,0.09,-5.012,0.156,2.77,0.142,0,3010.4,6.9275,16.9918,0.0025,2064.6,138.0,17.0643,0.0726,4059.2,237.44,15.7408,0.0635,1.3235,,,5143.45,,,,,IN,0
157,235,150.17771018711,0.2105,-54.78887591507,0.2146,5260177534129433344,-0.016,0.2385,-3.349,0.446,2.036,0.498,0,683.41,3.0434,18.6017,0.0048,775.64,100.01,18.1272,0.14,1318.9,153.39,16.9614,0.1263,1.1659,,,,,,,,IN,0
158,194,150.17117301522,0.1949,-54.78882018684,0.1968,5260177499769684736,0.347,0.2355,-2.508,0.418,1.841,0.399,0,680.06,1.3637,18.607,0.0022,473.37,42.867,18.6634,0.0983,1187.7,28.237,17.0752,0.0258,1.5882,,,,,,,,IN,0
159,300,150.21096956205,0.0729,-54.78869714335,0.0681,5260177568498440832,0.3221,0.0846,-4.694,0.149,5.294,0.127,0,1881.8,1.7972,17.5019,0.001,501.99,10.099,18.5996,0.0218,2252.4,14.711,16.3803,0.0071,2.2193,,,,,,,,IN,0
160,414,150.16174223701,0.1278,-54.78862585221,0.1308,5260177701615239168,-0.4919,0.1527,-3.6,0.283,3.993,0.257,1,9929.6,10.757,15.696,0.0012,4628.4,12.737,16.1878,0.003,8527.3,16.547,14.9349,0.0021,1.2529,,,4834.0,,,,,IN,0
161,197,150.16811715009,0.081,-54.78852167122,0.0872,5260177499778947200,0.0065,0.1014,-3.636,0.17,3.101,0.157,0,2688.8,3.2337,17.1145,0.0013,,,,,,,,,,,,,,,,,IN,0
162,196,150.16907663943,0.0444,-54.78846064679,0.04,5260177499778947072,0.1299,0.0512,-4.023,0.101,2.742,0.087,0,6157.0,3.701,16.2149,0.0007,2905.3,26.85,16.6934,0.01,5717.8,68.341,15.3688,0.013,1.3246,,,4762.0,,,,,IN,0
163,394,150.14944652516,0.0342,-54.78845294935,0.0319,5260177705937372672,0.3361,0.0389,-8.16,0.069,3.733,0.06,0,8889.8,4.9007,15.8161,0.0006,4381.7,10.667,16.2473,0.0026,6675.4,14.287,15.2007,0.0023,1.0465,,,5172.27,,,2.27,3.319,IN,0
164,192,150.16707759174,0.0777,-54.78840571542,0.075,5260177499769681792,0.2479,0.0891,-2.882,0.161,3.828,0.144,0,4335.9,5.679,16.5957,0.0014,2412.4,18.386,16.8953,0.0083,4432.1,75.999,15.6454,0.0186,1.2499,,,5000.0,,,,,IN,0
165,363,150.15566037069,0.1474,-54.78832243275,0.1359,5260177705928090240,0.5777,0.1238,-7.997,0.387,3.877,0.349,0,2707.9,5.3231,17.1068,0.0021,,,,,,,,,,,,,,,,,IN,0
166,357,150.15125328335,0.0814,-54.78822802886,0.0767,5260177705928083328,0.0008,0.0961,-4.814,0.171,2.356,0.146,0,2022.7,2.2327,17.4235,0.0012,1041.2,10.918,17.8075,0.0114,2027.5,21.477,16.4945,0.0115,1.313,,,,,,,,IN,0
167,386,150.15546961041,0.1221,-54.78811063573,0.1224,5260177705937374336,0.1251,0.1448,-10.522,0.277,3.277,0.26,0,5413.6,16.589,16.3546,0.0033,3552.9,37.623,16.4749,0.0115,6292.2,26.464,15.2649,0.0046,1.21,,,5143.45,,,,,IN,0
168,147,150.17537028303,0.1513,-54.78785830912,0.1591,5260177529820998016,-0.1429,0.1786,-6.41,0.308,3.636,0.321,0,690.31,1.2647,18.5908,0.002,308.54,9.2141,19.1281,0.0324,920.48,13.276,17.3519,0.0157,1.7762,,,,,,,,IN,0
169,199,150.1662905639,0.0171,-54.78778699904,0.0163,5260177499778947584,0.0427,0.02,-4.277,0.034,2.499,0.03,0,76394.0,190.74,13.4807,0.0027,34880.0,249.34,13.995,0.0078,62655.0,471.26,12.7695,0.0082,1.2254,,,4891.09,,,,,IN,0
170,335,150.16328979653,0.0519,-54.78766067289,0.0485,5260177701619687424,0.061,0.0613,-5.99,0.108,3.535,0.095,0,5094.8,3.8531,16.4205,0.0008,1469.0,9.7241,17.4338,0.0072,5743.6,12.059,15.364,0.0023,2.0698,,,3642.0,1.318,0.617,,,IN,0
171,267,150.18517396534,0.019,-54.78758016568,0.0176,5260177529815990272,0.091,0.0216,-3.915,0.039,2.883,0.034,0,58342.0,129.98,13.7734,0.0024,25420.0,113.39,14.3384,0.0048,51996.0,379.83,12.972,0.0079,1.3664,,,4610.0,,,,,IN,0
172,170,150.20254185825,0.1157,-54.78753860871,0.1254,5260177461097025280,0.7241,0.1437,-4.881,0.237,1.847,0.229,0,1016.6,1.4283,18.1705,0.0015,340.75,7.2143,19.0203,0.023,1043.1,10.833,17.2162,0.0113,1.8041,,,,,,,,IN,0
173,331,150.14373340443,0.1695,-54.78748403696,0.1737,5260177701619686144,0.3805,0.2219,-5.886,0.357,3.944,0.303,0,675.44,1.2837,18.6144,0.0021,216.79,7.9129,19.5113,0.0396,736.79,13.355,17.5936,0.0197,1.9177,,,,,,,,IN,0
174,234,150.16981380027,0.0228,-54.78741630605,0.0228,5260177499778949632,0.0937,0.0267,-4.271,0.047,2.75,0.042,0,21225.0,6.8748,14.8713,0.0004,9659.6,14.827,15.389,0.0017,17467.0,19.789,14.1564,0.0012,1.2326,,,4907.5,,,,,IN,0
175,247,150.18317059981,0.0954,-54.78740399158,0.0891,5260177534129453952,0.0322,0.115,-4.336,0.201,2.873,0.171,0,1403.2,1.5145,17.8206,0.0012,742.43,17.241,18.1748,0.0252,1397.4,12.288,16.8986,0.0095,1.2762,,,,,,,,IN,0
176,345,150.14536634873,0.1561,-54.78735636691,0.146,5260177701615195648,0.1598,0.188,-4.923,0.311,3.739,0.282,0,666.03,1.6146,18.6296,0.0026,255.03,7.6249,19.3349,0.0325,687.49,11.167,17.6688,0.0176,1.6662,,,,,,,,IN,0
177,222,150.18498199173,0.2808,-54.78732777476,0.2493,5260177534138694016,0.14,0.1918,-5.314,0.693,1.914,0.558,0,2970.0,11.047,17.0065,0.004,,,,,,,,,,,,,,,,,IN,0
178,106,150.12759453393,0.0982,-54.78715250409,0.1084,5260177392377553920,0.4171,0.115,-2.548,0.213,1.871,0.231,0,1649.0,1.7215,17.6453,0.0011,639.02,8.8829,18.3376,0.0151,1527.1,10.268,16.8022,0.0073,1.5354,,,,,,,,IN,0
179,166,150.17163366477,0.0299,-54.78710152342,0.0298,5260177499779105152,0.1716,0.0361,-4.022,0.062,2.78,0.056,0,10158.0,4.9674,15.6713,0.0005,4648.2,15.006,16.1832,0.0035,8485.6,13.307,14.9402,0.0017,1.243,,,4927.47,,,,,IN,0
180,255,150.19217934738,0.1095,-54.78678921251,0.1063,5260177529816504576,0.1383,0.1314,-4.48,0.23,2.635,0.202,0,1056.5,1.4884,18.1287,0.0015,457.1,7.5574,18.7014,0.018,1001.0,9.785,17.2608,0.0106,1.4405,,,,,,,,IN,0
181,215,150.16742507954,0.0929,-54.78677442204,0.086,5260177499769686528,0.0164,0.1064,-3.73,0.186,3.068,0.165,0,1786.0,2.5656,17.5587,0.0016,965.2,17.091,17.8898,0.0192,1961.3,34.449,16.5306,0.0191,1.3593,,,,,,,,IN,0
182,87,150.12981005216,0.2386,-54.78661962906,0.2737,5260177396690392832,0.3113,0.257,-4.189,0.473,3.015,0.571,0,482.97,1.2114,18.9786,0.0027,180.33,10.644,19.7112,0.0641,485.18,9.169,18.0472,0.0205,1.6641,,,,,,,,IN,0
183,223,150.18350053616,0.209,-54.78654296139,0.1862,5260177534138694272,1.1561,0.2379,-4.228,0.413,3.504,0.349,0,1182.0,2.7586,18.0069,0.0025,,,,,,,,,,,,,,,,,IN,0
184,225,150.17721834829,0.1114,-54.78639914615,0.114,5260177534138692352,0.2789,0.1324,-3.863,0.236,3.22,0.228,0,1133.8,1.4496,18.052,0.0014,507.45,10.091,18.5879,0.0216,1055.3,12.015,17.2035,0.0124,1.3844,,,,,,,,IN,0
185,167,150.18487636221,0.0416,-54.78635405142,0.0401,5260177534129457024,0.1322,0.0489,-4.183,0.089,2.822,0.077,0,5614.4,3.7903,16.3151,0.0007,3051.7,147.06,16.64,0.0523,5671.7,441.2,15.3776,0.0845,1.2624,,,4993.5,,,,,IN,0
186,94,150.12832941832,0.232,-54.78632787425,0.2344,5260177392382039936,0.2253,0.2805,-4.256,0.517,3.254,0.485,0,960.97,2.1948,18.2316,0.0025,404.7,18.053,18.8335,0.0484,972.27,11.464,17.2925,0.0128,1.5411,,,,,,,,IN,0
187,146,150.17539802291,0.1613,-54.7862253437,0.1631,5260177529820997888,0.3128,0.1988,-2.148,0.335,4.039,0.31,0,754.07,1.4361,18.4948,0.0021,351.12,9.4136,18.9877,0.0291,884.8,13.151,17.3948,0.0161,1.5929,,,,,,,,IN,0
188,374,150.16232330536,0.1962,-54.78622233776,0.1885,5260177705928108288,0.3699,0.2394,-4.339,0.395,2.369,0.35,0,541.79,1.1661,18.8538,0.0023,254.1,7.8948,19.3389,0.0337,544.93,9.7406,17.9211,0.0194,1.4178,,,,,,,,IN,0
189,224,150.1840602858,0.0324,-54.78612720387,0.0325,5260177534138694528,1.0346,0.0392,-6.568,0.068,6.41,0.062,0,8645.0,5.3319,15.8465,0.0007,4217.3,34.287,16.2888,0.0088,8535.6,130.9,14.9338,0.0167,1.355,,,4595.73,,,0.99,0.395,IN,0
190,353,150.14104981821,1.3684,-54.78602004967,1.5162,5260177701615200384,,,,,,,0,1739.6,10.803,17.5872,0.0067,856.76,19.844,18.0192,0.0251,2158.7,41.249,16.4265,0.0207,1.5928,,,,,,,,IN,0
191,397,150.16473332738,0.2027,-54.78589840719,0.1858,5260177705928115584,-0.6791,0.244,-4.264,0.409,2.579,0.378,0,529.24,1.2808,18.8792,0.0026,338.63,17.34,19.0271,0.0556,682.65,25.963,17.6764,0.0413,1.3506,,,,,,,,IN,0
192,346,150.1419050721,0.1734,-54.78587069883,0.1749,5260177705928076928,-0.3283,0.2031,-4.36,0.355,3.273,0.35,0,754.16,2.0151,18.4947,0.0029,415.87,6.183,18.804,0.0161,869.76,46.063,17.4134,0.0575,1.3906,,,,,,,,IN,0
193,221,150.18036855617,0.0718,-54.78571866554,0.07,5260177534138693888,0.1154,0.0851,-5.87,0.151,3.257,0.137,0,2210.3,1.908,17.3273,0.0009,990.58,9.8926,17.8617,0.0108,1910.3,8.7204,16.5592,0.005,1.3025,,,,,,,,IN,0
194,177,150.17797803412,0.2537,-54.7856658547,0.2607,5260177529816921600,0.595,0.3139,2.405,0.555,7.751,0.515,0,1191.6,5.1404,17.9981,0.0047,685.56,10.051,18.2613,0.0159,1469.9,13.399,16.8437,0.0099,1.4176,,,,,,,,IN,0
195,250,150.1749132731,0.177,-54.78562369882,0.1745,5260177534129448320,0.1203,0.2148,-3.936,0.366,3.206,0.342,0,563.42,1.1389,18.8113,0.0022,397.88,6.7937,18.852,0.0185,677.2,22.891,17.6851,0.0367,1.1669,,,,,,,,IN,0
196,330,150.14284241254,0.1223,-54.78560895889,0.1185,5260177701619686016,-0.0615,0.146,-4.093,0.256,2.345,0.227,0,1166.9,2.0582,18.0208,0.0019,411.4,16.421,18.8157,0.0433,1712.2,24.597,16.6781,0.0156,2.1377,,,,,,,,IN,0
197,248,150.17780245471,0.6294,-54.78549560634,0.5098,5260177534129452032,0.1767,0.3871,-4.419,1.42,2.151,1.061,0,506.81,1.7911,18.9262,0.0038,,,,,,,,,,,,,,,,,IN,0
198,303,150.20892546095,0.0262,-54.78545292086,0.0236,5260177568498441600,0.1214,0.0299,-4.147,0.053,2.62,0.044,0,402200.0,112.76,11.6773,0.0003,91627.0,205.94,12.9463,0.0024,483480.0,757.54,10.551,0.0017,2.3954,46.68,0.58,3562.61,1.5547,0.7757,,,IN,0
199,439,150.16684378824,0.1117,-54.78534257565,0.1063,5260177701619688448,0.3439,0.1318,-6.108,0.24,2.895,0.214,0,1068.8,1.3255,18.1161,0.0013,407.36,7.4917,18.8265,0.02,1111.2,10.384,17.1474,0.0101,1.679,,,,,,,,IN,0
200,289,150.20039835403,0.1914,-54.78530506242,0.1701,5260177564176245632,0.4424,0.2214,-7.805,0.379,5.327,0.337,0,527.3,1.1418,18.8832,0.0024,207.72,6.5087,19.5577,0.034,544.82,10.254,17.9213,0.0204,1.6364,,,,,,,,IN,0
201,190,150.17469247469,0.0439,-54.78499637317,0.0423,5260177534138691840,0.1225,0.0504,-4.077,0.092,2.752,0.084,0,5561.7,3.7017,16.3254,0.0007,2591.1,12.611,16.8177,0.0053,4745.4,21.401,15.5712,0.0049,1.2464,,,4901.83,,,,,IN,0
202,385,150.15600323796,0.0235,-54.78492939578,0.024,5260177705937375872,0.4665,0.0282,-5.883,0.048,4.607,0.044,0,18831.0,6.6885,15.0012,0.0004,9847.8,16.587,15.368,0.0018,13428.0,20.785,14.4419,0.0017,0.9261,,,5317.38,,,2.23,3.571,IN,0
203,377,150.16027150217,0.2174,-54.78491570927,0.2087,5260177705928109952,0.0346,0.2709,-3.578,0.427,3.196,0.366,0,486.59,1.2172,18.9705,0.0027,259.52,7.3011,19.316,0.0305,537.63,9.982,17.9357,0.0202,1.3802,,,,,,,,IN,0
204,336,150.1659535192,0.1541,-54.78469804168,0.1356,5260177701619688064,0.0736,0.179,-3.488,0.303,1.166,0.267,0,853.64,1.3947,18.3602,0.0018,408.43,10.519,18.8236,0.028,999.25,10.485,17.2627,0.0114,1.5609,,,,,,,,IN,0
205,219,150.17653948361,0.0733,-54.78457850864,0.0697,5260177534138693632,0.0512,0.086,-3.991,0.151,2.777,0.136,0,2009.9,1.7564,17.4304,0.0009,925.36,10.303,17.9356,0.0121,1752.5,10.136,16.6528,0.0063,1.2828,,,,,,,,IN,0
206,369,150.15258783761,0.1544,-54.78450268276,0.1525,5260177705928098688,0.0641,0.188,-4.239,0.322,2.963,0.309,0,665.38,1.2229,18.6307,0.002,305.29,6.6146,19.1396,0.0235,630.17,8.0005,17.7633,0.0138,1.3763,,,,,,,,IN,0
207,179,150.17377946535,0.0607,-54.78441447117,0.0599,5260177534129448192,0.0336,0.0726,-4.787,0.127,3.696,0.116,0,3433.4,3.6877,16.849,0.0012,931.53,8.9084,17.9284,0.0104,4113.3,16.527,15.7264,0.0044,2.202,,,3665.33,,,,,IN,0
208,360,150.148740861,0.2159,-54.78438954757,0.203,5260177705928091904,0.4322,0.258,-4.487,0.434,3.526,0.383,0,490.37,1.0557,18.9621,0.0023,214.32,9.8644,19.5237,0.05,584.28,10.481,17.8454,0.0195,1.6783,,,,,,,,IN,0
209,254,150.1840816917,0.0914,-54.78413538925,0.0887,5260177534129467392,-0.093,0.1108,-7.904,0.196,5.65,0.174,0,5780.3,6.0196,16.2835,0.0011,2934.2,15.929,16.6827,0.0059,5058.2,21.78,15.5019,0.0047,1.1807,,,4920.0,,,,,IN,0
210,352,150.13985002187,0.146,-54.78387771207,0.1599,5260177701615203840,0.1387,0.1756,-6.86,0.302,3.531,0.34,0,703.18,1.1819,18.5707,0.0018,222.94,6.7047,19.4809,0.0327,753.9,7.7347,17.5686,0.0111,1.9123,,,,,,,,IN,0
211,191,150.19093991014,0.1346,-54.78385329982,0.133,5260177534131880960,0.6116,0.1601,-2.745,0.293,3.92,0.271,0,1160.6,2.3936,18.0267,0.0022,601.04,19.568,18.4041,0.0353,1388.5,22.976,16.9055,0.018,1.4986,,,,,,,,IN,0
212,368,150.15188321941,0.1337,-54.78381464476,0.1309,5260177705928098560,0.1999,0.1617,-3.778,0.278,2.636,0.264,0,766.3,1.2507,18.4774,0.0018,356.14,10.771,18.9723,0.0328,760.91,12.017,17.5586,0.0171,1.4137,,,,,,,,IN,0
213,428,150.14600606417,0.1954,-54.78371582979,0.1931,5260177705928087808,0.7164,0.2347,-8.58,0.414,5.173,0.369,0,479.44,1.0475,18.9865,0.0024,200.71,7.0186,19.5949,0.038,466.66,9.0424,18.0894,0.021,1.5055,,,,,,,,IN,0
214,97,150.12696797965,0.0523,-54.78365352331,0.0492,5260177396690396672,0.4851,0.0609,-4.86,0.109,4.575,0.092,0,5761.8,3.775,16.287,0.0007,2951.3,39.54,16.6764,0.0145,5052.8,72.782,15.5031,0.0156,1.1733,,,4920.0,,,1.44,1.087,IN,0
215,398,150.16073130779,0.1787,-54.78363222371,0.1783,5260177705928116096,-0.4705,0.2149,-6.713,0.361,4.272,0.329,0,658.94,1.7607,18.6413,0.0029,292.42,9.7408,19.1864,0.0362,814.94,10.884,17.4841,0.0145,1.7023,,,,,,,,IN,0
216,241,150.1883173684,0.0265,-54.78362437793,0.0251,5260177534138698368,0.0832,0.031,-4.19,0.057,2.767,0.049,0,310030.0,69.997,11.9599,0.0002,126930.0,162.24,12.5925,0.0014,275170.0,308.2,11.1629,0.0012,1.4296,,,4405.33,,,,,IN,0
217,220,150.17616334136,0.1449,-54.78351494676,0.1447,5260177534138693760,-0.6717,0.1741,-3.457,0.316,3.335,0.286,0,2613.2,3.1697,17.1454,0.0013,672.54,6.4814,18.2821,0.0105,3256.6,9.103,15.98,0.003,2.3021,,,,,,,,IN,0
218,243,150.1817095872,0.0506,-54.78321651141,0.0481,5260177534138695808,0.7804,0.0598,-8.728,0.107,4.022,0.093,0,4026.7,2.6847,16.676,0.0007,1842.0,9.7827,17.1882,0.0058,3473.2,23.22,15.9101,0.0073,1.2781,,,4929.3,0.5495,0.288,0.74,0.293,IN,0
219,251,150.17797511102,0.0896,-54.78321452753,0.0856,5260177534129459200,0.1695,0.1033,-5.689,0.184,5.469,0.165,0,1525.7,1.5718,17.7297,0.0011,643.72,21.149,18.3296,0.0357,1648.6,21.135,16.7192,0.0139,1.6105,,,,,,,,IN,0
220,240,150.18603692226,0.048,-54.78299196666,0.0461,5260177534138697856,0.0998,0.0563,-4.162,0.102,2.623,0.09,0,4709.0,3.0159,16.506,0.0007,2377.5,37.731,16.9111,0.0172,4301.0,51.157,15.678,0.0129,1.2331,,,4848.5,,,,,IN,0
221,114,150.1267643659,0.3291,-54.78289164731,0.3334,5260177396699723008,-0.4233,0.3987,-4.629,0.705,3.647,0.623,1,49596.0,44.372,13.9498,0.001,17915.0,23.241,14.7184,0.0014,47995.0,36.496,13.0589,0.0008,1.6594,,,4164.47,,,,,IN,0
222,252,150.17747013813,0.206,-54.78272944127,0.1786,5260177534129460352,0.0015,0.2148,-4.854,0.535,2.754,0.361,0,842.98,1.7413,18.3738,0.0022,,,,,,,,,,,,,,,,,IN,0
223,165,150.18198496795,0.1882,-54.78235154392,0.1761,5260177534129469824,-0.3218,0.2195,-5.991,0.422,2.78,0.341,0,3282.6,5.4495,16.8978,0.0018,1699.6,32.378,17.2755,0.0207,3092.2,38.198,16.0362,0.0134,1.2392,,,4920.0,,,,,IN,0
224,176,150.17725244306,0.031,-54.78234847178,0.0299,5260177529816921472,0.0768,0.0367,-4.16,0.066,2.697,0.057,0,10006.0,9.1385,15.6877,0.001,4721.4,24.231,16.1662,0.0056,8708.6,38.861,14.912,0.0048,1.2542,,,4820.41,,,,,IN,0
225,257,150.18086703225,0.1226,-54.78234728072,0.1192,5260177534129468800,-0.3217,0.146,-4.239,0.26,3.033,0.23,0,1000.9,1.3073,18.1874,0.0014,477.55,5.0363,18.6539,0.0115,954.32,25.09,17.3127,0.0285,1.3412,,,,,,,,IN,0
226,376,150.15526737484,0.1448,-54.78230322316,0.137,5260177705928109440,0.8929,0.1681,-4.618,0.297,0.262,0.264,0,803.14,1.2659,18.4264,0.0017,275.24,11.012,19.2521,0.0434,894.4,7.956,17.3831,0.0097,1.869,,,,,,,,IN,0
227,415,150.16204750966,0.1426,-54.78225638952,0.1377,5260177705928123520,0.1575,0.166,-3.527,0.285,3.113,0.256,0,825.25,1.3771,18.3969,0.0018,380.9,9.9671,18.8993,0.0284,749.28,8.1957,17.5753,0.0119,1.324,,,,,,,,IN,0
228,380,150.14457589903,0.1093,-54.78207238198,0.1158,5260177705937374720,-0.038,0.1268,-2.784,0.231,1.472,0.234,0,2144.9,3.127,17.3598,0.0016,1010.6,10.358,17.84,0.0111,1977.3,10.681,16.5217,0.0059,1.3182,,,,,,,,IN,0
229,239,150.18957683652,0.049,-54.78188227211,0.0454,5260177534138699904,0.0996,0.0565,-4.099,0.098,2.744,0.085,0,4489.0,2.976,16.558,0.0007,2013.3,12.798,17.0916,0.0069,3952.8,18.007,15.7697,0.0049,1.322,,,4820.38,,,,,IN,0
230,382,150.16043524917,0.2232,-54.78184332351,0.2364,5260177705928121984,-0.9256,0.2835,-3.789,0.506,2.603,0.435,0,898.29,2.006,18.3048,0.0024,588.68,13.893,18.4267,0.0256,1360.4,15.147,16.9278,0.0121,1.4989,,,,,,,,IN,0
231,264,150.18677623511,0.1707,-54.78176999914,0.1651,5260177534129480320,-0.1397,0.2046,-4.72,0.359,1.319,0.314,0,580.94,1.1469,18.778,0.0021,318.26,12.838,19.0944,0.0438,672.54,17.072,17.6926,0.0276,1.4018,,,,,,,,IN,0
232,262,150.18224588357,0.0907,-54.7817334146,0.0853,5260177534129473408,0.471,0.1068,-1.908,0.189,-0.808,0.164,0,1568.2,1.645,17.6998,0.0011,661.47,20.696,18.3001,0.034,1650.3,24.289,16.718,0.016,1.5821,,,,,,,,IN,0
233,127,150.12805129614,0.0768,-54.78170421107,0.0737,5260177396699724288,0.6478,0.0905,-14.922,0.156,5.326,0.134,0,2163.9,2.0716,17.3503,0.001,950.3,9.0069,17.9067,0.0103,1975.8,11.907,16.5226,0.0065,1.3842,,,,,,,,IN,0
234,351,150.14134687256,0.1687,-54.7816698738,0.1721,5260177705928087168,-0.175,0.1999,-4.282,0.372,2.608,0.361,0,694.52,1.2842,18.5841,0.002,338.06,17.033,19.0289,0.0547,663.51,13.806,17.7073,0.0226,1.3216,,,,,,,,IN,0
235,411,150.16077536292,0.3532,-54.78164409233,0.3847,5260177705937380352,-0.6078,0.3594,-4.924,0.618,3.897,0.663,0,597.36,1.5678,18.7478,0.0028,,,,,,,,,,,,,,,,,IN,0
236,358,150.14598510322,0.1214,-54.78161045759,0.1254,5260177705928096000,0.0543,0.1378,-4.48,0.243,2.507,0.247,0,987.65,1.4603,18.2019,0.0016,435.43,12.984,18.7541,0.0324,876.89,14.886,17.4046,0.0184,1.3495,,,,,,,,IN,0
237,407,150.16595852179,0.0407,-54.7814128932,0.0377,5260177740297121280,0.0479,0.0477,-4.388,0.084,2.601,0.073,0,7025.6,5.1568,16.0717,0.0008,3120.5,12.476,16.6158,0.0043,5909.4,11.681,15.3331,0.0021,1.2828,,,4935.56,,,,,IN,0
238,387,150.14281219332,0.2749,-54.78115210395,0.281,5260177705937374592,-0.6309,0.3285,-3.06,0.627,3.907,0.567,0,3143.5,7.5611,16.9448,0.0026,1389.2,9.0576,17.4945,0.0071,2912.0,12.149,16.1014,0.0045,1.393,,,4777.33,,,,,IN,0
239,417,150.15746552492,0.0486,-54.78110553819,0.0493,5260177701615240960,-0.0193,0.059,-4.224,0.101,2.695,0.09,0,4061.5,2.7429,16.6666,0.0007,1859.8,16.04,17.1777,0.0094,3484.0,12.329,15.9067,0.0038,1.271,,,4889.0,,,,,IN,0
240,139,150.17445236499,0.1173,-54.7810523062,0.1061,5260177534129458944,0.1265,0.1353,-3.59,0.274,2.677,0.214,0,1644.5,2.075,17.6483,0.0014,937.5,9.5176,17.9215,0.011,1817.5,15.55,16.6132,0.0093,1.3082,,,,,,,,IN,0
241,339,150.1484673564,0.1143,-54.78102320348,0.1127,5260177705937531648,0.1896,0.1351,-3.434,0.235,3.02,0.229,0,1534.2,2.2532,17.7236,0.0016,591.14,7.8504,18.4222,0.0144,1664.4,10.987,16.7087,0.0072,1.7134,,,,,,,,IN,0
242,256,150.17818419647,0.1357,-54.78100569897,0.1285,5260177534129468416,0.2687,0.1583,-4.278,0.291,3.107,0.259,0,815.0,1.3736,18.4105,0.0018,366.97,9.3704,18.9398,0.0277,854.91,8.7478,17.4321,0.0111,1.5077,,,,,,,,IN,0
243,412,150.1585073092,0.1126,-54.78071429317,0.1172,5260177705928122368,-0.038,0.1408,-4.024,0.234,2.69,0.211,0,1011.0,1.325,18.1765,0.0014,493.22,18.606,18.6188,0.041,940.7,18.066,17.3283,0.0209,1.2905,,,,,,,,IN,0
244,172,150.1737401489,0.1745,-54.78066656828,0.1766,5260177534129460480,0.1593,0.2084,-4.254,0.42,3.033,0.364,0,675.7,1.7725,18.614,0.0028,373.38,27.397,18.921,0.0797,709.72,4.2649,17.6342,0.0065,1.2868,,,,,,,,IN,0
245,246,150.17789209591,0.0321,-54.780088554,0.03,5260177534138696960,0.2943,0.0369,-6.575,0.069,5.549,0.06,0,10196.0,5.3215,15.6673,0.0006,4386.5,12.217,16.2461,0.003,9034.9,23.4,14.8721,0.0028,1.374,,,4516.81,,,3.98,5.93,IN,0
246,104,150.12821345511,0.1911,-54.77990314251,0.1942,5260177396690428160,0.2038,0.2412,-7.229,0.4,1.233,0.353,0,768.6,2.0824,18.4741,0.0029,,,,,,,,,,,,,,,,,IN,0
247,379,150.15118863382,0.0296,-54.77952818303,0.0284,5260177705937378304,1.0626,0.0346,-7.099,0.062,-1.759,0.058,0,10724.0,5.3681,15.6125,0.0005,4977.9,12.68,16.1088,0.0028,8424.8,10.051,14.948,0.0013,1.1607,,,4876.15,0.443,0.2173,0.91,0.426,IN,0
248,121,150.12835605116,0.0342,-54.77937226376,0.0354,5260177396699725824,0.1694,0.0419,-4.036,0.07,2.807,0.063,0,7914.0,6.0653,15.9424,0.0008,3690.5,25.536,16.4337,0.0075,6873.3,55.716,15.169,0.0088,1.2647,,,4822.0,,,,,IN,0
249,405,150.15546575874,0.1092,-54.77929611548,0.1054,5260177701615243264,0.0018,0.1277,-6.366,0.224,5.055,0.193,0,1154.3,1.6096,18.0325,0.0015,436.93,9.3032,18.7504,0.0231,1128.5,9.3365,17.1307,0.009,1.6197,,,,,,,,IN,0
250,337,150.1686294425,0.1985,-54.77903722559,0.1986,5260177735979427072,-0.0108,0.2368,-2.73,0.419,2.986,0.387,0,577.5,1.2445,18.7845,0.0023,210.98,12.888,19.5408,0.0663,820.21,12.695,17.4771,0.0168,2.0637,,,,,,,,IN,0
251,328,150.13906553968,0.22,-54.77899884191,0.2195,5260177770339162368,-0.1335,0.2742,-3.446,0.48,3.172,0.441,0,522.41,1.2601,18.8933,0.0026,208.28,13.57,19.5548,0.0707,782.84,14.576,17.5277,0.0202,2.027,,,,,,,,IN,0
252,355,150.13258030035,0.1638,-54.77889766658,0.1731,5260177774647558656,0.2854,0.203,-10.795,0.342,3.561,0.326,0,641.68,1.3219,18.6701,0.0022,275.55,10.831,19.2509,0.0427,614.95,8.775,17.7898,0.0155,1.4611,,,,,,,,IN,0
253,293,150.18894576732,0.0619,-54.77889457753,0.0607,5260177632895753600,0.1605,0.0727,-4.29,0.129,2.762,0.115,0,2889.0,2.4235,17.0365,0.0009,1127.4,11.781,17.7212,0.0113,2739.4,11.593,16.1678,0.0046,1.5534,,,4358.0,,,,,IN,0
254,265,150.17563181182,0.2049,-54.7786953038,0.1514,5260177534138697088,1.0358,0.165,-10.42,0.491,3.48,0.289,0,2051.8,4.7424,17.408,0.0025,,,,,,,,,,,,,,,,,IN,0
255,406,150.15953404207,0.0394,-54.77855116853,0.0403,5260177740297121024,0.4176,0.0488,-1.504,0.084,8.899,0.073,0,7325.4,6.513,16.0263,0.001,2840.2,12.29,16.718,0.0047,6648.7,10.501,15.2051,0.0017,1.5129,,,4357.35,,,2.64,2.266,IN,0
256,350,150.13516811071,0.0839,-54.77853209088,0.0851,5260177774647563392,-0.0383,0.0999,-5.987,0.174,3.836,0.164,0,1861.5,2.049,17.5137,0.0012,767.98,20.517,18.138,0.029,2152.1,31.911,16.4298,0.0161,1.7082,,,,,,,,IN,0
257,361,150.13771253009,0.203,-54.77844575001,0.2122,5260177774647569280,-0.3015,0.2267,-5.686,0.442,0.852,0.426,0,738.7,2.4766,18.5172,0.0036,520.05,29.594,18.5613,0.0618,896.38,21.425,17.3807,0.026,1.1806,,,,,,,,IN,0
258,260,150.17556244027,0.0519,-54.77840572333,0.0473,5260177534129471488,0.3009,0.0598,-5.91,0.117,3.25,0.099,0,8920.1,10.404,15.8124,0.0013,3172.9,52.759,16.5977,0.0181,11860.0,74.756,14.5767,0.0068,2.0211,,,3996.0,,,,,IN,0
259,261,150.17630468794,0.1428,-54.77837246741,0.1723,5260177534129471616,0.2035,0.1827,-1.938,0.375,1.431,0.467,0,859.04,2.7851,18.3533,0.0035,,,,,,,,,,,,,,,,,IN,0
260,296,150.20622326463,0.1532,-54.77829067749,0.1527,5260177564176691456,0.192,0.1713,-3.341,0.31,1.387,0.299,0,910.53,1.3964,18.2901,0.0017,154.46,7.5959,19.8793,0.0534,1282.9,8.6654,16.9914,0.0073,2.8879,,,,,,,,IN,0
261,372,150.14796789095,0.2313,-54.77825713114,0.2168,5260177705928112256,0.1063,0.2734,-2.212,0.469,1.42,0.446,0,502.92,1.2812,18.9346,0.0028,185.8,8.0871,19.6788,0.0473,555.63,8.2057,17.9,0.016,1.7788,,,,,,,,IN,0
262,280,150.19390162236,0.1772,-54.77813241635,0.1699,5260177637208712064,0.4846,0.2003,-4.936,0.351,2.799,0.312,0,578.93,1.1536,18.7818,0.0022,233.02,6.9388,19.4329,0.0323,571.7,8.7193,17.869,0.0166,1.5639,,,,,,,,IN,0
263,364,150.13666070867,0.3906,-54.77801892119,0.3336,5260177774647568128,1.5325,0.4523,-5.198,0.918,5.893,0.671,1,28351.0,193.98,14.5569,0.0074,14267.0,31.198,14.9656,0.0024,31562.0,73.642,13.514,0.0025,1.4516,,,4819.07,,,,,IN,0
264,365,150.15875323312,0.1968,-54.77774043792,0.2203,5260177740287874176,0.1836,0.2431,-4.276,0.389,3.06,0.397,0,540.7,1.2805,18.856,0.0026,255.21,8.3603,19.3341,0.0356,535.11,7.8714,17.9408,0.016,1.3933,,,,,,,,IN,0
265,151,150.18033612264,0.1828,-54.7777305385,0.1769,5260177534129481600,0.2713,0.2138,-4.629,0.385,3.041,0.349,0,539.05,1.2151,18.8593,0.0024,257.4,7.7809,19.3249,0.0328,541.96,11.262,17.927,0.0226,1.3979,,,,,,,,IN,0
266,259,150.17596228945,0.198,-54.77767229548,0.1856,5260177534129474816,0.5037,0.2329,-3.733,0.419,2.269,0.363,0,553.06,1.3764,18.8314,0.0027,304.68,15.587,19.1418,0.0555,681.82,27.243,17.6777,0.0434,1.464,,,,,,,,IN,0
267,381,150.15223455235,0.149,-54.77754219974,0.1459,5260177705928120832,0.1034,0.1775,-3.196,0.308,2.854,0.282,0,721.69,1.522,18.5425,0.0023,373.15,8.4334,18.9217,0.0245,1072.3,11.493,17.1861,0.0116,1.7356,,,,,,,,IN,0
268,396,150.16846854137,0.0749,-54.77746621745,0.0736,5260177740297125376,0.1344,0.0883,-4.141,0.158,2.599,0.143,0,2327.1,3.9081,17.2713,0.0018,1544.7,85.731,17.3793,0.0603,2481.8,52.126,16.275,0.0228,1.1043,,,,,,,,IN,0
269,148,150.17731264708,0.0938,-54.77729668071,0.0892,5260177529820998528,-0.0282,0.1087,-4.121,0.199,2.735,0.18,0,1469.4,1.6941,17.7705,0.0013,691.85,8.6419,18.2514,0.0136,1317.1,12.911,16.9629,0.0106,1.2885,,,,,,,,IN,0
270,395,150.16751884823,0.0216,-54.777194396,0.021,5260177740297125248,1.8934,0.0257,-14.899,0.046,10.442,0.042,0,28058.0,10.381,14.5682,0.0004,13383.0,33.389,15.035,0.0027,21537.0,53.837,13.929,0.0027,1.1061,,,4965.5,0.1542,0.072,0.79,0.344,IN,0
271,302,150.19128266988,0.0557,-54.77718053326,0.0557,5260177637217918080,0.0148,0.064,-4.842,0.118,3.6,0.104,0,16153.0,8.7275,15.1677,0.0006,2066.1,12.272,17.0635,0.0064,23464.0,63.106,13.8359,0.0029,3.2276,,,4035.29,,,,,IN,0
272,298,150.1868146548,0.0213,-54.77701960658,0.0192,5260177637217917184,0.1276,0.0236,-4.202,0.043,2.711,0.037,0,35155.0,247.48,14.3234,0.0076,15380.0,259.45,14.884,0.0183,29741.0,698.75,13.5785,0.0255,1.3054,,,4767.81,,,,,IN,0
273,356,150.12916873604,0.2049,-54.77698039689,0.206,5260177774647559040,-0.1927,0.2624,-4.047,0.418,3.824,0.365,0,479.62,1.155,18.9861,0.0026,194.0,9.1353,19.6319,0.0511,488.26,9.3247,18.0403,0.0207,1.5916,,,,,,,,IN,0
274,403,150.1550989115,0.0243,-54.77695234643,0.0226,5260177705937382016,0.0653,0.0273,-4.273,0.05,2.69,0.041,0,20732.0,7.9351,14.8968,0.0004,9590.8,14.469,15.3967,0.0016,16696.0,15.17,14.2054,0.001,1.1914,,,4851.0,,,,,IN,0
275,362,150.13469800644,0.1004,-54.77681352442,0.1042,5260177774647569664,0.1742,0.1249,-4.293,0.209,2.609,0.187,0,1263.3,1.8873,17.9346,0.0016,577.45,10.58,18.4476,0.0199,1224.6,14.78,17.0419,0.0131,1.4057,,,,,,,,IN,0
276,399,150.14503850559,0.2298,-54.77678281159,0.2283,5260177705928110720,0.5097,0.2892,-4.923,0.488,2.472,0.505,0,487.13,1.0628,18.9692,0.0024,226.98,8.8759,19.4614,0.0425,487.96,8.8207,18.041,0.0196,1.4205,,,,,,,,IN,0
277,277,150.20038452695,0.174,-54.77660996738,0.1657,5260177632895746688,0.2962,0.2029,-1.61,0.355,2.132,0.311,0,542.56,1.1191,18.8522,0.0022,210.31,6.5305,19.5442,0.0337,529.21,7.8755,17.9529,0.0162,1.5914,,,,,,,,IN,0
278,333,150.15155028628,0.0792,-54.77655067739,0.0761,5260177701624420864,0.0033,0.091,-5.065,0.168,4.001,0.152,0,2448.4,3.465,17.2161,0.0015,1071.9,12.77,17.776,0.0129,2265.7,12.067,16.3739,0.0058,1.402,,,,,,,,IN,0
279,384,150.13305883058,0.6624,-54.77639565902,0.3655,5260177774656850816,,,,,,,0,2128.7,5.0563,17.3681,0.0026,,,,,,,,,,,,,,,,,IN,0
280,425,150.15921886048,0.0851,-54.77635864288,0.0844,5260177740287880448,0.1361,0.1019,-4.618,0.176,2.85,0.16,0,1538.3,1.7849,17.7208,0.0013,659.23,10.346,18.3038,0.017,1358.8,8.9895,16.9291,0.0072,1.3747,,,,,,,,IN,0
281,375,150.13289884078,0.1027,-54.77621750263,0.1051,5260177770334705152,0.7746,0.1255,-8.826,0.227,4.519,0.202,0,12578.0,31.666,15.4393,0.0027,7132.1,18.187,15.7183,0.0028,10068.0,25.604,14.7545,0.0028,0.9638,,,5349.45,0.5183,0.2513,,,IN,0
282,294,150.19423247427,0.1179,-54.77613906761,0.1165,5260177632895748096,0.3844,0.1427,-4.384,0.245,2.057,0.206,0,1053.9,1.3948,18.1314,0.0014,394.51,7.9641,18.8612,0.0219,1104.6,9.6312,17.1539,0.0095,1.7074,,,,,,,,IN,0
283,393,150.1438188345,0.138,-54.77598890512,0.1285,5260177774656854272,0.0571,0.1619,-4.336,0.312,2.455,0.275,0,1088.2,1.9876,18.0966,0.002,776.03,18.486,18.1267,0.0259,1669.7,19.917,16.7053,0.013,1.4214,,,,,,,,IN,0
284,323,150.1851933002,0.1063,-54.77580271268,0.1089,5260177632904943488,1.5115,0.1229,-19.761,0.241,6.881,0.232,0,1492.3,2.2227,17.7538,0.0016,532.03,12.916,18.5365,0.0264,1759.0,22.783,16.6487,0.0141,1.8878,,,,,,,,IN,0
285,413,150.16603059335,0.1929,-54.77574139193,0.1936,5260177735974980992,-0.2579,0.2288,-4.372,0.39,3.008,0.382,0,538.98,1.3796,18.8594,0.0028,237.63,10.272,19.4116,0.0469,615.57,9.2711,17.7887,0.0164,1.6229,,,,,,,,IN,0
286,366,150.14920707227,0.1145,-54.77572226833,0.1133,5260177705928122496,0.304,0.1382,-4.298,0.246,2.448,0.247,0,1060.4,1.4783,18.1247,0.0015,504.03,7.1251,18.5952,0.0153,947.38,7.6058,17.3206,0.0087,1.2746,,,,,,,,IN,0
287,338,150.17017513784,0.1077,-54.77571382656,0.1123,5260177735979427456,0.0254,0.1354,-4.726,0.228,2.324,0.206,0,1247.4,1.7469,17.9483,0.0015,585.11,10.606,18.4333,0.0197,1220.9,18.865,17.0452,0.0168,1.388,,,,,,,,IN,0
288,373,150.1437686181,0.1792,-54.77571084726,0.1539,5260177774647589376,0.4596,0.2064,-4.815,0.363,3.32,0.321,0,891.64,1.6362,18.3129,0.002,,,,,,,,,,,,,,,,,IN,0
289,334,150.14209930674,0.1566,-54.77563456478,0.1673,5260177770343897856,0.4126,0.1891,-5.896,0.327,1.375,0.325,0,709.59,1.3991,18.5608,0.0021,286.19,8.8113,19.2098,0.0334,691.99,8.9121,17.6617,0.014,1.5481,,,,,,,,IN,0
290,383,150.16381508239,0.4602,-54.77534551991,0.4677,5260177735975383808,1.8117,0.5642,-4.845,1.033,1.85,0.934,0,593.73,2.769,18.7544,0.0051,304.22,8.0511,19.1434,0.0287,897.63,15.595,17.3792,0.0189,1.7643,,,,,,,,IN,0
291,409,150.14654148845,0.8199,-54.77533234787,0.8483,5260177705937379328,,,,,,,0,1112.1,6.6624,18.073,0.0065,661.33,6.6836,18.3003,0.011,1539.9,8.4073,16.7932,0.0059,1.5072,,,,,,,,IN,0
292,299,150.18372448554,0.0243,-54.7752587695,0.0246,5260177637217917312,0.4316,0.0285,-7.144,0.054,5.301,0.049,0,19953.0,6.3768,14.9383,0.0003,10864.0,17.444,15.2614,0.0017,13406.0,16.349,14.4436,0.0013,0.8178,,,5748.5,,,2.08,4.238,IN,0
293,391,150.14674727045,9.0385,-54.77523138698,10.8469,5260177705928117120,,,,,,,0,656.44,2.2883,18.6454,0.0038,,,,,,,,,,,,,,,,,IN,0
294,402,150.15001351235,0.3909,-54.77464398468,0.3889,5260177705937381632,-0.38,0.4552,-22.716,0.959,-11.352,0.86,1,13271.0,75.428,15.3811,0.0062,6995.1,18.416,15.7394,0.0029,11786.0,21.682,14.5835,0.002,1.1559,,,4964.7,,,,,IN,0
295,422,150.17504719687,0.0295,-54.77462040776,0.0273,5260177740297129600,0.0235,0.0332,-4.072,0.06,2.773,0.052,0,337720.0,121.68,11.867,0.0004,72161.0,229.5,13.2056,0.0035,417890.0,656.07,10.7093,0.0017,2.4964,42.08,0.46,3671.0,,,,,IN,0
296,324,150.18672094702,0.0825,-54.77452313229,0.0763,5260177637217918208,0.094,0.0951,-3.908,0.167,2.86,0.148,0,1963.9,1.9671,17.4556,0.0011,853.95,10.589,18.0228,0.0135,1722.6,10.535,16.6715,0.0066,1.3514,,,,,,,,IN,0
297,436,150.16851776049,0.0512,-54.77425868149,0.0498,5260177740287904000,0.0489,0.0616,-4.171,0.109,2.553,0.097,0,3764.4,2.7012,16.7491,0.0008,1735.5,17.17,17.2528,0.0107,3366.3,14.912,15.944,0.0048,1.3088,,,4797.79,,,,,IN,0
298,378,150.16831394357,0.1229,-54.77352975259,0.1234,5260177740287905280,0.1003,0.1495,-2.829,0.264,5.439,0.244,0,2251.4,5.1535,17.3072,0.0025,1539.1,481.34,17.3832,0.3395,,,,,,,,,,,,,IN,0
299,435,150.1704056659,0.1087,-54.77345881037,0.103,5260177740287909376,0.4462,0.125,-5.066,0.221,4.284,0.198,0,1174.4,1.3305,18.0139,0.0012,455.81,10.189,18.7044,0.0243,1240.3,11.109,17.0281,0.0097,1.6763,,,,,,,,IN,0
300,292,150.20378194563,0.0414,-54.77328006945,0.0399,5260177637218085120,1.3713,0.0487,-0.866,0.089,2.457,0.075,0,6499.2,4.8188,16.1562,0.0008,2578.7,8.8296,16.8229,0.0037,5687.4,11.351,15.3746,0.0022,1.4483,,,4536.78,0.4038,0.1885,0.67,0.173,IN,0
301,437,150.17495871721,0.1686,-54.77322824743,0.141,5260177740287917056,-0.1865,0.1817,-4.514,0.34,2.403,0.249,0,1189.6,1.8904,17.9998,0.0017,541.8,12.271,18.5168,0.0246,1394.4,27.204,16.9009,0.0212,1.6159,,,,,,,,IN,0
302,434,150.16910972419,0.0517,-54.77322703699,0.0503,5260177740287908608,0.2817,0.0609,-7.082,0.109,4.507,0.098,0,4579.2,3.5202,16.5364,0.0008,1168.6,14.02,17.6822,0.013,6032.4,58.977,15.3107,0.0106,2.3715,,,3537.25,,,,,IN,0
303,327,150.19189941282,0.1919,-54.77299521771,0.1792,5260177637208719744,0.7289,0.2198,-5.782,0.4,2.673,0.351,0,585.64,1.3533,18.7693,0.0025,274.36,6.499,19.2556,0.0257,644.14,9.2147,17.7395,0.0155,1.5161,,,,,,,,IN,0
304,287,150.19377023781,0.0517,-54.772821374,0.0436,5260177637218071680,0.5628,0.0544,-2.775,0.107,2.26,0.084,0,4817.9,2.8715,16.4812,0.0006,2342.3,16.731,16.9273,0.0078,3949.2,14.817,15.7706,0.0041,1.1567,,,4925.69,0.844,0.405,1.13,0.675,IN,0
305,432,150.16348683841,0.1649,-54.77278617982,0.1632,5260177740287899520,0.4092,0.201,-2.594,0.356,2.083,0.322,0,697.8,1.2681,18.579,0.002,193.46,5.5514,19.6349,0.0312,860.4,8.9943,17.4252,0.0113,2.2097,,,,,,,,IN,0
306,410,150.14704370863,0.051,-54.77245530083,0.0529,5260177770334717952,0.6626,0.0618,-4.547,0.107,6.032,0.105,0,4301.3,2.8532,16.6044,0.0007,2048.9,12.21,17.0726,0.0065,3281.0,15.233,15.9719,0.005,1.1007,,,4948.2,0.181,0.091,0.89,0.432,IN,0
307,389,150.13917981108,0.1447,-54.77244477346,0.1441,5260177770334713216,0.3099,0.1741,-7.273,0.301,4.124,0.272,0,696.85,1.1905,18.5805,0.0019,238.32,7.9661,19.4085,0.0363,730.46,7.9368,17.6029,0.0118,1.8056,,,,,,,,IN,0
308,404,150.14528456126,0.1284,-54.77232640892,0.1379,5260177774647603712,-0.3001,0.1598,-4.818,0.268,2.672,0.277,0,914.42,1.4005,18.2855,0.0017,,,,,,,,,,,,,,,,,IN,0
309,273,150.19878327331,0.1897,-54.77216490431,0.1911,5260177637208730496,0.1422,0.1885,-4.777,0.459,5.377,0.416,0,933.17,2.4946,18.2635,0.0029,,,,,,,,,,,,,,,,,IN,0
310,278,150.19821621168,0.0657,-54.77201503367,0.0589,5260177637208730624,0.3106,0.0639,-9.157,0.154,7.565,0.11,0,8740.9,11.023,15.8345,0.0014,3634.4,345.13,16.4503,0.1031,,,,,,,,,,,,,IN,0
311,316,150.19330148257,0.0225,-54.77196720898,0.0196,5260177637217920512,0.4059,0.0239,-7.206,0.048,4.27,0.037,0,28739.0,8.4408,14.5422,0.0003,16248.0,21.849,14.8244,0.0015,18526.0,17.328,14.0924,0.001,0.7319,,,5923.76,,,2.48,6.835,IN,0
312,401,150.1450259808,0.0983,-54.77189794849,0.098,5260177774656858240,0.227,0.1194,-4.592,0.205,2.398,0.192,0,1327.6,1.5907,17.8807,0.0013,789.74,24.741,18.1077,0.034,1474.8,37.579,16.8401,0.0277,1.2676,,,,,,,,IN,0
313,400,150.15090867524,0.2338,-54.77183597062,0.2678,5260177740297123584,-0.5565,0.3077,-3.285,0.524,3.148,0.497,0,1451.3,2.2247,17.784,0.0017,598.36,7.5245,18.409,0.0137,1426.5,9.038,16.8763,0.0069,1.5327,,,,,,,,IN,0
314,313,150.19801520455,0.0607,-54.77170770197,0.0567,5260177637217922688,0.1177,0.0676,-6.737,0.136,5.517,0.112,0,12671.0,21.014,15.4313,0.0018,5059.8,121.28,16.091,0.026,20002.0,328.17,14.0092,0.0178,2.0818,,,4357.52,,,,,IN,0
315,427,150.16993815408,0.152,-54.77156568516,0.1497,5260177740287914368,-0.1824,0.1814,-4.064,0.321,2.588,0.287,0,770.95,1.359,18.4708,0.0019,324.06,9.5704,19.0748,0.0321,785.58,14.35,17.5239,0.0198,1.5509,,,,,,,,IN,0
316,301,150.1801558715,0.0285,-54.77134873492,0.0289,5260177637217917952,0.5083,0.0335,-5.823,0.059,5.609,0.057,0,16116.0,6.0127,15.1702,0.0004,8366.6,13.031,15.545,0.0017,11413.0,17.043,14.6184,0.0016,0.9266,,,5296.38,,,1.91,2.581,IN,0
317,420,150.16351020804,0.1994,-54.7713364343,0.1937,5260177740297127936,-0.0189,0.2379,-5.299,0.423,3.258,0.38,0,934.79,1.8618,18.2616,0.0022,289.21,6.3918,19.1984,0.024,1182.7,8.9588,17.0797,0.0082,2.1186,,,,,,,,IN,0
318,418,150.13644770455,0.0596,-54.77101590005,0.059,5260177770334730368,0.3348,0.0704,-6.903,0.124,4.265,0.11,0,3383.8,2.5106,16.8649,0.0008,1511.2,14.059,17.4031,0.0101,2938.9,15.163,16.0915,0.0056,1.3116,,,4861.0,,,,,IN,0
319,455,150.17589018299,0.1024,-54.77095102131,0.0956,5260177839054201088,0.5204,0.1165,-4.269,0.208,4.252,0.181,0,1269.3,1.5219,17.9295,0.0013,431.29,9.489,18.7645,0.0239,1315.4,13.322,16.9643,0.011,1.8002,,,,,,,,IN,0
320,332,150.1654737835,0.195,-54.7708892516,0.1797,5260177735984159104,0.1673,0.2357,-4.245,0.393,2.715,0.346,0,512.72,1.2148,18.9137,0.0026,206.31,6.4179,19.5651,0.0338,501.68,8.8085,18.0109,0.0191,1.5542,,,,,,,,IN,0
321,340,150.15667501893,0.1314,-54.7706355915,0.1283,5260177740287894656,0.3145,0.1571,-4.318,0.292,2.804,0.255,0,962.68,1.6645,18.2297,0.0019,428.0,12.009,18.7728,0.0305,868.02,12.237,17.4156,0.0153,1.3572,,,,,,,,IN,0
322,390,150.13638547098,0.2074,-54.77049555014,0.1963,5260177774647593216,0.3457,0.2498,-4.144,0.42,2.036,0.361,0,474.68,1.1771,18.9974,0.0027,,,,,,,,,,,,,,,,,IN,0
323,440,150.17370895299,0.0873,-54.77022602125,0.0828,5260177740287921280,-0.1382,0.1022,-4.186,0.178,3.502,0.16,0,1549.2,1.9226,17.7131,0.0013,404.53,24.062,18.834,0.0646,1966.8,21.48,16.5275,0.0119,2.3065,,,,,,,,IN,0
324,449,150.17479010895,0.0697,-54.77007477438,0.0649,5260177843376347648,0.1756,0.08,-4.298,0.141,2.716,0.121,0,2461.8,2.239,17.2102,0.001,1096.1,16.611,17.7517,0.0165,2340.7,36.138,16.3385,0.0168,1.4132,,,,,,,,IN,0
325,424,150.15383735841,0.0332,-54.76997128823,0.0379,5260177735974987392,0.0484,0.0431,-4.159,0.073,2.632,0.066,0,10419.0,5.6037,15.6438,0.0006,4812.1,17.179,16.1455,0.0039,8822.2,39.534,14.898,0.0049,1.2476,,,4964.34,,,,,IN,0
326,291,150.2098293122,0.1704,-54.76995013927,0.1657,5260177667255515008,0.5166,0.2033,9.083,0.35,-0.763,0.315,0,551.24,1.1161,18.835,0.0022,213.69,8.0276,19.5269,0.0408,562.42,8.3488,17.8868,0.0161,1.6401,,,,,,,,IN,0
327,419,150.13860987257,0.1414,-54.76956906461,0.1427,5260177770334730496,0.1144,0.1747,-6.986,0.296,3.971,0.284,0,715.94,1.4073,18.5512,0.0021,282.57,10.012,19.2236,0.0385,799.62,9.8525,17.5047,0.0134,1.7189,,,,,,,,IN,0
328,441,150.15355177671,0.2148,-54.76953327498,0.2455,5260177740297125120,0.2884,0.2634,-4.039,0.545,2.945,0.481,0,696.08,4.3373,18.5817,0.0068,,,,,,,,,,,,,,,,,IN,0
329,408,150.14272983441,0.016,-54.76908635824,0.0159,5260177809016598144,0.0988,0.0191,-3.745,0.033,2.882,0.03,0,74200.0,70.028,13.5124,0.001,29071.0,73.977,14.1927,0.0028,68399.0,165.98,12.6743,0.0026,1.5184,,,4330.5,0.4687,0.2173,,,IN,0
330,281,150.21175893736,0.2469,-54.76882432382,0.2329,5260177598545204096,0.4364,0.2521,-2.188,0.566,-0.329,0.457,0,620.49,2.2663,18.7065,0.004,,,,,,,,,,,,,,,,,IN,0
331,306,150.19326896205,0.038,-54.76857733635,0.0334,5260177637217923584,0.7013,0.0406,-7.242,0.079,4.342,0.063,0,7925.3,5.1747,15.9408,0.0007,3960.4,11.115,16.357,0.003,5741.6,19.218,15.3643,0.0036,0.9927,,,5352.0,0.2287,0.109,0.95,0.662,IN,0
332,318,150.21105041001,0.0878,-54.76848117579,0.084,5260177602858189696,0.3535,0.1013,-5.638,0.18,4.194,0.158,0,1532.2,1.8387,17.7251,0.0013,657.56,15.009,18.3066,0.0248,1859.1,26.465,16.5887,0.0155,1.7179,,,,,,,,IN,0
333,304,150.21135726629,0.239,-54.76794005821,0.2312,5260177598536038144,0.4275,0.2878,-2.436,0.429,2.424,0.348,1,634.18,1.8458,18.6828,0.0032,131.73,30.685,20.0522,0.2529,890.85,23.744,17.3874,0.0289,2.6648,,,,,,,,IN,0
334,312,150.19028068945,0.0704,-54.76782961694,0.0674,5260177637217922560,0.0917,0.0791,-4.799,0.144,3.295,0.126,0,2243.2,1.8723,17.3112,0.0009,867.26,9.6069,18.006,0.012,2196.6,9.2477,16.4076,0.0046,1.5985,,,,,,,,IN,0
335,421,150.13707894482,0.1606,-54.76754940605,0.1618,5260177770334731392,0.1278,0.1987,-3.655,0.336,3.042,0.32,0,599.68,1.3768,18.7436,0.0025,262.62,7.2724,19.3031,0.0301,567.76,6.7044,17.8765,0.0128,1.4266,,,,,,,,IN,0
336,308,150.1948036163,0.1455,-54.76707446381,0.1415,5260177637217924736,0.2142,0.1571,-4.057,0.282,3.01,0.266,0,822.37,1.2547,18.4007,0.0017,292.03,5.6483,19.1878,0.021,854.29,6.6851,17.4329,0.0085,1.7549,,,,,,,,IN,0
337,279,150.21080574238,0.1564,-54.76698020962,0.1542,5260177671568493824,0.3736,0.1907,-6.806,0.33,8.353,0.276,0,660.4,1.2076,18.6389,0.002,224.24,7.8877,19.4746,0.0382,695.04,10.085,17.6569,0.0158,1.8177,,,,,,,,IN,0
338,443,150.17487170566,0.1516,-54.76685733363,0.1449,5260177843367144064,0.4566,0.1778,-2.207,0.311,4.69,0.273,0,648.81,1.2791,18.6581,0.0021,243.54,8.0404,19.385,0.0358,655.53,9.4193,17.7204,0.0156,1.6645,,,,,,,,IN,0
339,448,150.16963950067,0.0411,-54.7663706599,0.0371,5260177843376348032,0.1385,0.0474,-6.551,0.087,4.094,0.074,0,6696.9,4.1931,16.1237,0.0007,2776.9,9.6235,16.7425,0.0038,5809.1,13.991,15.3517,0.0026,1.3908,,,4742.0,,,,,IN,0
340,426,150.14167519187,0.3068,-54.76625147515,0.3194,5260177804694473856,-0.1461,0.3836,-3.386,0.659,3.28,0.617,0,527.14,1.5802,18.8835,0.0033,194.76,8.4097,19.6276,0.0469,575.77,11.244,17.8613,0.0212,1.7663,,,,,,,,IN,0
341,433,150.14877769797,0.161,-54.76610166475,0.1718,5260177809007373184,1.1779,0.2068,-5.719,0.344,1.72,0.306,0,684.28,1.659,18.6003,0.0026,371.68,14.421,18.926,0.0421,896.03,40.393,17.3811,0.0489,1.5448,,,,,,,,IN,0
342,423,150.14826390111,0.1852,-54.76576971506,0.2125,5260177809016603136,0.1246,0.2351,-6.686,0.415,3.516,0.388,0,575.82,3.3792,18.7876,0.0064,,,,,,,,,,,,,,,,,IN,0
343,447,150.17348372095,0.1778,-54.76565944007,0.1717,5260177843376348928,-0.2826,0.2062,-3.703,0.385,4.118,0.346,0,763.48,1.7986,18.4814,0.0026,331.33,9.0885,19.0508,0.0298,999.56,15.603,17.2624,0.0169,1.7884,,,,,,,,IN,0
344,307,150.18954964164,0.0201,-54.76528770176,0.0189,5260177637217924480,1.0395,0.0226,-11.581,0.04,9.0,0.035,1,28426.0,6.91,14.5541,0.0003,14501.0,18.111,14.9479,0.0014,20215.0,25.114,13.9977,0.0013,0.9501,,,5408.0,0.328,0.159,1.18,1.073,IN,0
345,444,150.169704212,0.1186,-54.76502790035,0.1133,5260177839058642432,0.2228,0.1377,-4.168,0.248,2.501,0.23,0,982.29,1.4191,18.2078,0.0016,399.7,6.8076,18.8471,0.0185,892.23,12.019,17.3857,0.0146,1.4613,,,,,,,,IN,0
